reason_id,source_work_id,target_work_id,reason_kind,entity_id,relation_id,notes
reason-a-funny-thing-happened-on-the-way-to-thor-s-hammer-2011-thor-2011-explicit-relation-work-relation-a-funny-thing-happened-on-the-way-to-thor-s-hammer-2011-thor-2011-story-link,a-funny-thing-happened-on-the-way-to-thor-s-hammer-2011,thor-2011,explicit_relation,,work-relation-a-funny-thing-happened-on-the-way-to-thor-s-hammer-2011-thor-2011-story-link,story_link; story; direct
reason-agatha-all-along-2024-visionquest-2026-10-14-explicit-relation-work-relation-agatha-all-along-2024-visionquest-2026-10-14-sequel,agatha-all-along-2024,visionquest-2026-10-14,explicit_relation,,work-relation-agatha-all-along-2024-visionquest-2026-10-14-sequel,sequel; story; strong
reason-agent-carter-one-shot-2013-marvel-s-agent-carter-series-20152016-explicit-relation-work-relation-agent-carter-one-shot-2013-marvel-s-agent-carter-series-20152016-story-link,agent-carter-one-shot-2013,marvel-s-agent-carter-series-20152016,explicit_relation,,work-relation-agent-carter-one-shot-2013-marvel-s-agent-carter-series-20152016-story-link,story_link; story; strong
reason-all-hail-the-king-2014-shang-chi-and-the-legend-of-the-ten-rings-2021-explicit-relation-work-relation-all-hail-the-king-2014-shang-chi-and-the-legend-of-the-ten-rings-2021-story-link,all-hail-the-king-2014,shang-chi-and-the-legend-of-the-ten-rings-2021,explicit_relation,,work-relation-all-hail-the-king-2014-shang-chi-and-the-legend-of-the-ten-rings-2021-story-link,story_link; story; indirect
reason-ant-man-2015-ant-man-and-the-wasp-2018-explicit-relation-work-relation-ant-man-2015-ant-man-and-the-wasp-2018-sequel,ant-man-2015,ant-man-and-the-wasp-2018,explicit_relation,,work-relation-ant-man-2015-ant-man-and-the-wasp-2018-sequel,sequel; story; direct
reason-ant-man-2015-captain-america-civil-war-2016-explicit-relation-work-relation-ant-man-2015-captain-america-civil-war-2016-crossover,ant-man-2015,captain-america-civil-war-2016,explicit_relation,,work-relation-ant-man-2015-captain-america-civil-war-2016-crossover,crossover; crossover; indirect
reason-ant-man-and-the-wasp-2018-ant-man-and-the-wasp-quantumania-2023-explicit-relation-work-relation-ant-man-and-the-wasp-2018-ant-man-and-the-wasp-quantumania-2023-sequel,ant-man-and-the-wasp-2018,ant-man-and-the-wasp-quantumania-2023,explicit_relation,,work-relation-ant-man-and-the-wasp-2018-ant-man-and-the-wasp-quantumania-2023-sequel,sequel; story; direct
reason-ant-man-and-the-wasp-2018-avengers-endgame-2019-explicit-relation-work-relation-ant-man-and-the-wasp-2018-avengers-endgame-2019-lead-in,ant-man-and-the-wasp-2018,avengers-endgame-2019,explicit_relation,,work-relation-ant-man-and-the-wasp-2018-avengers-endgame-2019-lead-in,lead_in; story; direct
reason-ant-man-and-the-wasp-2018-thunderbolts-new-avengers-2025-explicit-relation-work-relation-ant-man-and-the-wasp-2018-thunderbolts-new-avengers-2025-lead-in,ant-man-and-the-wasp-2018,thunderbolts-new-avengers-2025,explicit_relation,,work-relation-ant-man-and-the-wasp-2018-thunderbolts-new-avengers-2025-lead-in,lead_in; story; indirect
reason-ant-man-and-the-wasp-quantumania-2023-avengers-doomsday-2026-12-18-explicit-relation-work-relation-ant-man-and-the-wasp-quantumania-2023-avengers-doomsday-2026-12-18-promotion,ant-man-and-the-wasp-quantumania-2023,avengers-doomsday-2026-12-18,explicit_relation,,work-relation-ant-man-and-the-wasp-quantumania-2023-avengers-doomsday-2026-12-18-promotion,promotion; promotion; promotional
reason-avengers-age-of-ultron-2015-agents-of-s-h-i-e-l-d-20132020-explicit-relation-work-relation-avengers-age-of-ultron-2015-agents-of-s-h-i-e-l-d-20132020-world-lore,avengers-age-of-ultron-2015,agents-of-s-h-i-e-l-d-20132020,explicit_relation,,work-relation-avengers-age-of-ultron-2015-agents-of-s-h-i-e-l-d-20132020-world-lore,world_lore; world_lore; indirect
reason-avengers-age-of-ultron-2015-avengers-doomsday-2026-12-18-shared-entity-entity-x-7250204b23,avengers-age-of-ultron-2015,avengers-doomsday-2026-12-18,shared_entity,entity-x-7250204b23,,
reason-avengers-age-of-ultron-2015-avengers-endgame-2019-shared-entity-entity-x-42251c0735,avengers-age-of-ultron-2015,avengers-endgame-2019,shared_entity,entity-x-42251c0735,,
reason-avengers-age-of-ultron-2015-avengers-endgame-2019-shared-entity-entity-x-50a34df778,avengers-age-of-ultron-2015,avengers-endgame-2019,shared_entity,entity-x-50a34df778,,
reason-avengers-age-of-ultron-2015-avengers-endgame-2019-shared-entity-entity-x-5a2ee964f0,avengers-age-of-ultron-2015,avengers-endgame-2019,shared_entity,entity-x-5a2ee964f0,,
reason-avengers-age-of-ultron-2015-avengers-endgame-2019-shared-entity-entity-x-605a05a114,avengers-age-of-ultron-2015,avengers-endgame-2019,shared_entity,entity-x-605a05a114,,
reason-avengers-age-of-ultron-2015-avengers-endgame-2019-shared-entity-entity-x-7250204b23,avengers-age-of-ultron-2015,avengers-endgame-2019,shared_entity,entity-x-7250204b23,,
reason-avengers-age-of-ultron-2015-avengers-endgame-2019-shared-entity-entity-x-927d19aa0b,avengers-age-of-ultron-2015,avengers-endgame-2019,shared_entity,entity-x-927d19aa0b,,
reason-avengers-age-of-ultron-2015-avengers-endgame-2019-shared-entity-entity-x-f2dcf7c7cc,avengers-age-of-ultron-2015,avengers-endgame-2019,shared_entity,entity-x-f2dcf7c7cc,,
reason-avengers-age-of-ultron-2015-avengers-infinity-war-2018-shared-entity-entity-x-42251c0735,avengers-age-of-ultron-2015,avengers-infinity-war-2018,shared_entity,entity-x-42251c0735,,
reason-avengers-age-of-ultron-2015-avengers-infinity-war-2018-shared-entity-entity-x-50a34df778,avengers-age-of-ultron-2015,avengers-infinity-war-2018,shared_entity,entity-x-50a34df778,,
reason-avengers-age-of-ultron-2015-avengers-infinity-war-2018-shared-entity-entity-x-5a2ee964f0,avengers-age-of-ultron-2015,avengers-infinity-war-2018,shared_entity,entity-x-5a2ee964f0,,
reason-avengers-age-of-ultron-2015-avengers-infinity-war-2018-shared-entity-entity-x-5d8d873f91,avengers-age-of-ultron-2015,avengers-infinity-war-2018,shared_entity,entity-x-5d8d873f91,,
reason-avengers-age-of-ultron-2015-avengers-infinity-war-2018-shared-entity-entity-x-7250204b23,avengers-age-of-ultron-2015,avengers-infinity-war-2018,shared_entity,entity-x-7250204b23,,
reason-avengers-age-of-ultron-2015-avengers-infinity-war-2018-shared-entity-entity-x-927d19aa0b,avengers-age-of-ultron-2015,avengers-infinity-war-2018,shared_entity,entity-x-927d19aa0b,,
reason-avengers-age-of-ultron-2015-avengers-infinity-war-2018-shared-entity-entity-x-f2dcf7c7cc,avengers-age-of-ultron-2015,avengers-infinity-war-2018,shared_entity,entity-x-f2dcf7c7cc,,
reason-avengers-age-of-ultron-2015-black-panther-2018-explicit-relation-work-relation-avengers-age-of-ultron-2015-black-panther-2018-world-lore,avengers-age-of-ultron-2015,black-panther-2018,explicit_relation,,work-relation-avengers-age-of-ultron-2015-black-panther-2018-world-lore,world_lore; story; indirect
reason-avengers-age-of-ultron-2015-black-widow-2021-shared-entity-entity-x-927d19aa0b,avengers-age-of-ultron-2015,black-widow-2021,shared_entity,entity-x-927d19aa0b,,
reason-avengers-age-of-ultron-2015-captain-america-civil-war-2016-explicit-relation-work-relation-avengers-age-of-ultron-2015-captain-america-civil-war-2016-aftermath,avengers-age-of-ultron-2015,captain-america-civil-war-2016,explicit_relation,,work-relation-avengers-age-of-ultron-2015-captain-america-civil-war-2016-aftermath,aftermath; story; indirect
reason-avengers-age-of-ultron-2015-captain-america-civil-war-2016-shared-entity-entity-x-42251c0735,avengers-age-of-ultron-2015,captain-america-civil-war-2016,shared_entity,entity-x-42251c0735,,
reason-avengers-age-of-ultron-2015-captain-america-civil-war-2016-shared-entity-entity-x-5a2ee964f0,avengers-age-of-ultron-2015,captain-america-civil-war-2016,shared_entity,entity-x-5a2ee964f0,,
reason-avengers-age-of-ultron-2015-captain-america-civil-war-2016-shared-entity-entity-x-5d8d873f91,avengers-age-of-ultron-2015,captain-america-civil-war-2016,shared_entity,entity-x-5d8d873f91,,
reason-avengers-age-of-ultron-2015-captain-america-civil-war-2016-shared-entity-entity-x-605a05a114,avengers-age-of-ultron-2015,captain-america-civil-war-2016,shared_entity,entity-x-605a05a114,,
reason-avengers-age-of-ultron-2015-captain-america-civil-war-2016-shared-entity-entity-x-927d19aa0b,avengers-age-of-ultron-2015,captain-america-civil-war-2016,shared_entity,entity-x-927d19aa0b,,
reason-avengers-age-of-ultron-2015-captain-america-civil-war-2016-shared-entity-entity-x-f2dcf7c7cc,avengers-age-of-ultron-2015,captain-america-civil-war-2016,shared_entity,entity-x-f2dcf7c7cc,,
reason-avengers-age-of-ultron-2015-doctor-strange-in-the-multiverse-of-madness-2022-shared-entity-entity-x-42251c0735,avengers-age-of-ultron-2015,doctor-strange-in-the-multiverse-of-madness-2022,shared_entity,entity-x-42251c0735,,
reason-avengers-age-of-ultron-2015-hawkeye-2021-shared-entity-entity-x-605a05a114,avengers-age-of-ultron-2015,hawkeye-2021,shared_entity,entity-x-605a05a114,,
reason-avengers-age-of-ultron-2015-she-hulk-attorney-at-law-2022-shared-entity-entity-x-50a34df778,avengers-age-of-ultron-2015,she-hulk-attorney-at-law-2022,shared_entity,entity-x-50a34df778,,
reason-avengers-age-of-ultron-2015-spider-man-homecoming-2017-shared-entity-entity-x-5a2ee964f0,avengers-age-of-ultron-2015,spider-man-homecoming-2017,shared_entity,entity-x-5a2ee964f0,,
reason-avengers-age-of-ultron-2015-thor-love-and-thunder-2022-shared-entity-entity-x-7250204b23,avengers-age-of-ultron-2015,thor-love-and-thunder-2022,shared_entity,entity-x-7250204b23,,
reason-avengers-age-of-ultron-2015-thor-ragnarok-2017-shared-entity-entity-x-50a34df778,avengers-age-of-ultron-2015,thor-ragnarok-2017,shared_entity,entity-x-50a34df778,,
reason-avengers-age-of-ultron-2015-thor-ragnarok-2017-shared-entity-entity-x-7250204b23,avengers-age-of-ultron-2015,thor-ragnarok-2017,shared_entity,entity-x-7250204b23,,
reason-avengers-age-of-ultron-2015-visionquest-2026-10-14-explicit-relation-work-relation-avengers-age-of-ultron-2015-visionquest-2026-10-14-story-link,avengers-age-of-ultron-2015,visionquest-2026-10-14,explicit_relation,,work-relation-avengers-age-of-ultron-2015-visionquest-2026-10-14-story-link,story_link; story; indirect
reason-avengers-age-of-ultron-2015-visionquest-2026-10-14-shared-entity-entity-x-5d8d873f91,avengers-age-of-ultron-2015,visionquest-2026-10-14,shared_entity,entity-x-5d8d873f91,,
reason-avengers-age-of-ultron-2015-wandavision-2021-explicit-relation-work-relation-avengers-age-of-ultron-2015-wandavision-2021-story-link,avengers-age-of-ultron-2015,wandavision-2021,explicit_relation,,work-relation-avengers-age-of-ultron-2015-wandavision-2021-story-link,story_link; story; direct
reason-avengers-age-of-ultron-2015-wandavision-2021-shared-entity-entity-x-42251c0735,avengers-age-of-ultron-2015,wandavision-2021,shared_entity,entity-x-42251c0735,,
reason-avengers-age-of-ultron-2015-wandavision-2021-shared-entity-entity-x-5d8d873f91,avengers-age-of-ultron-2015,wandavision-2021,shared_entity,entity-x-5d8d873f91,,
reason-avengers-doomsday-2026-12-18-avengers-secret-wars-2027-12-17-explicit-relation-work-relation-avengers-doomsday-2026-12-18-avengers-secret-wars-2027-12-17-story-link,avengers-doomsday-2026-12-18,avengers-secret-wars-2027-12-17,explicit_relation,,work-relation-avengers-doomsday-2026-12-18-avengers-secret-wars-2027-12-17-story-link,story_link; story; direct
reason-avengers-endgame-2019-ant-man-and-the-wasp-quantumania-2023-explicit-relation-work-relation-avengers-endgame-2019-ant-man-and-the-wasp-quantumania-2023-world-lore,avengers-endgame-2019,ant-man-and-the-wasp-quantumania-2023,explicit_relation,,work-relation-avengers-endgame-2019-ant-man-and-the-wasp-quantumania-2023-world-lore,world_lore; crossover; indirect
reason-avengers-endgame-2019-avengers-doomsday-2026-12-18-explicit-relation-work-relation-avengers-endgame-2019-avengers-doomsday-2026-12-18-story-link,avengers-endgame-2019,avengers-doomsday-2026-12-18,explicit_relation,,work-relation-avengers-endgame-2019-avengers-doomsday-2026-12-18-story-link,story_link; story; indirect
reason-avengers-endgame-2019-avengers-doomsday-2026-12-18-shared-entity-entity-x-7250204b23,avengers-endgame-2019,avengers-doomsday-2026-12-18,shared_entity,entity-x-7250204b23,,
reason-avengers-endgame-2019-black-panther-wakanda-forever-2022-shared-entity-entity-x-6f5fa7e694,avengers-endgame-2019,black-panther-wakanda-forever-2022,shared_entity,entity-x-6f5fa7e694,,
reason-avengers-endgame-2019-black-widow-2021-shared-entity-entity-x-927d19aa0b,avengers-endgame-2019,black-widow-2021,shared_entity,entity-x-927d19aa0b,,
reason-avengers-endgame-2019-captain-america-brave-new-world-2025-shared-entity-entity-x-fd344cdc17,avengers-endgame-2019,captain-america-brave-new-world-2025,shared_entity,entity-x-fd344cdc17,,
reason-avengers-endgame-2019-doctor-strange-in-the-multiverse-of-madness-2022-shared-entity-entity-x-42251c0735,avengers-endgame-2019,doctor-strange-in-the-multiverse-of-madness-2022,shared_entity,entity-x-42251c0735,,
reason-avengers-endgame-2019-doctor-strange-in-the-multiverse-of-madness-2022-shared-entity-entity-x-c8ead423cc,avengers-endgame-2019,doctor-strange-in-the-multiverse-of-madness-2022,shared_entity,entity-x-c8ead423cc,,
reason-avengers-endgame-2019-eternals-2021-explicit-relation-work-relation-avengers-endgame-2019-eternals-2021-story-link,avengers-endgame-2019,eternals-2021,explicit_relation,,work-relation-avengers-endgame-2019-eternals-2021-story-link,story_link; story; indirect
reason-avengers-endgame-2019-hawkeye-2021-explicit-relation-work-relation-avengers-endgame-2019-hawkeye-2021-aftermath,avengers-endgame-2019,hawkeye-2021,explicit_relation,,work-relation-avengers-endgame-2019-hawkeye-2021-aftermath,aftermath; story; indirect
reason-avengers-endgame-2019-hawkeye-2021-shared-entity-entity-x-605a05a114,avengers-endgame-2019,hawkeye-2021,shared_entity,entity-x-605a05a114,,
reason-avengers-endgame-2019-loki-s1-2021-explicit-relation-work-relation-avengers-endgame-2019-loki-s1-2021-story-link,avengers-endgame-2019,loki-s1-2021,explicit_relation,,work-relation-avengers-endgame-2019-loki-s1-2021-story-link,story_link; story; direct
reason-avengers-endgame-2019-she-hulk-attorney-at-law-2022-shared-entity-entity-x-50a34df778,avengers-endgame-2019,she-hulk-attorney-at-law-2022,shared_entity,entity-x-50a34df778,,
reason-avengers-endgame-2019-spider-man-brand-new-day-2026-07-31-shared-entity-entity-mcu,avengers-endgame-2019,spider-man-brand-new-day-2026-07-31,shared_entity,entity-mcu,,
reason-avengers-endgame-2019-spider-man-far-from-home-2019-explicit-relation-work-relation-avengers-endgame-2019-spider-man-far-from-home-2019-aftermath,avengers-endgame-2019,spider-man-far-from-home-2019,explicit_relation,,work-relation-avengers-endgame-2019-spider-man-far-from-home-2019-aftermath,aftermath; story; direct
reason-avengers-endgame-2019-spider-man-far-from-home-2019-shared-entity-entity-mcu,avengers-endgame-2019,spider-man-far-from-home-2019,shared_entity,entity-mcu,,
reason-avengers-endgame-2019-spider-man-no-way-home-2021-shared-entity-entity-mcu,avengers-endgame-2019,spider-man-no-way-home-2021,shared_entity,entity-mcu,,
reason-avengers-endgame-2019-spider-man-no-way-home-2021-shared-entity-entity-x-c8ead423cc,avengers-endgame-2019,spider-man-no-way-home-2021,shared_entity,entity-x-c8ead423cc,,
reason-avengers-endgame-2019-the-falcon-and-the-winter-soldier-2021-explicit-relation-work-relation-avengers-endgame-2019-the-falcon-and-the-winter-soldier-2021-story-link,avengers-endgame-2019,the-falcon-and-the-winter-soldier-2021,explicit_relation,,work-relation-avengers-endgame-2019-the-falcon-and-the-winter-soldier-2021-story-link,story_link; story; direct
reason-avengers-endgame-2019-the-falcon-and-the-winter-soldier-2021-shared-entity-entity-x-bd73e23ab5,avengers-endgame-2019,the-falcon-and-the-winter-soldier-2021,shared_entity,entity-x-bd73e23ab5,,
reason-avengers-endgame-2019-the-falcon-and-the-winter-soldier-2021-shared-entity-entity-x-fd344cdc17,avengers-endgame-2019,the-falcon-and-the-winter-soldier-2021,shared_entity,entity-x-fd344cdc17,,
reason-avengers-endgame-2019-the-marvels-2023-shared-entity-entity-x-a6764da9a6,avengers-endgame-2019,the-marvels-2023,shared_entity,entity-x-a6764da9a6,,
reason-avengers-endgame-2019-thor-love-and-thunder-2022-shared-entity-entity-x-7250204b23,avengers-endgame-2019,thor-love-and-thunder-2022,shared_entity,entity-x-7250204b23,,
reason-avengers-endgame-2019-thunderbolts-new-avengers-2025-shared-entity-entity-x-bd73e23ab5,avengers-endgame-2019,thunderbolts-new-avengers-2025,shared_entity,entity-x-bd73e23ab5,,
reason-avengers-endgame-2019-wandavision-2021-explicit-relation-work-relation-avengers-endgame-2019-wandavision-2021-story-link,avengers-endgame-2019,wandavision-2021,explicit_relation,,work-relation-avengers-endgame-2019-wandavision-2021-story-link,story_link; story; indirect
reason-avengers-endgame-2019-wandavision-2021-shared-entity-entity-x-42251c0735,avengers-endgame-2019,wandavision-2021,shared_entity,entity-x-42251c0735,,
reason-avengers-infinity-war-2018-avengers-doomsday-2026-12-18-shared-entity-entity-x-7250204b23,avengers-infinity-war-2018,avengers-doomsday-2026-12-18,shared_entity,entity-x-7250204b23,,
reason-avengers-infinity-war-2018-avengers-endgame-2019-explicit-relation-work-relation-avengers-infinity-war-2018-avengers-endgame-2019-sequel,avengers-infinity-war-2018,avengers-endgame-2019,explicit_relation,,work-relation-avengers-infinity-war-2018-avengers-endgame-2019-sequel,sequel; story; direct
reason-avengers-infinity-war-2018-avengers-endgame-2019-shared-entity-entity-mcu,avengers-infinity-war-2018,avengers-endgame-2019,shared_entity,entity-mcu,,
reason-avengers-infinity-war-2018-avengers-endgame-2019-shared-entity-entity-x-42251c0735,avengers-infinity-war-2018,avengers-endgame-2019,shared_entity,entity-x-42251c0735,,
reason-avengers-infinity-war-2018-avengers-endgame-2019-shared-entity-entity-x-50a34df778,avengers-infinity-war-2018,avengers-endgame-2019,shared_entity,entity-x-50a34df778,,
reason-avengers-infinity-war-2018-avengers-endgame-2019-shared-entity-entity-x-5a2ee964f0,avengers-infinity-war-2018,avengers-endgame-2019,shared_entity,entity-x-5a2ee964f0,,
reason-avengers-infinity-war-2018-avengers-endgame-2019-shared-entity-entity-x-6f5fa7e694,avengers-infinity-war-2018,avengers-endgame-2019,shared_entity,entity-x-6f5fa7e694,,
reason-avengers-infinity-war-2018-avengers-endgame-2019-shared-entity-entity-x-7250204b23,avengers-infinity-war-2018,avengers-endgame-2019,shared_entity,entity-x-7250204b23,,
reason-avengers-infinity-war-2018-avengers-endgame-2019-shared-entity-entity-x-927d19aa0b,avengers-infinity-war-2018,avengers-endgame-2019,shared_entity,entity-x-927d19aa0b,,
reason-avengers-infinity-war-2018-avengers-endgame-2019-shared-entity-entity-x-bd73e23ab5,avengers-infinity-war-2018,avengers-endgame-2019,shared_entity,entity-x-bd73e23ab5,,
reason-avengers-infinity-war-2018-avengers-endgame-2019-shared-entity-entity-x-c8ead423cc,avengers-infinity-war-2018,avengers-endgame-2019,shared_entity,entity-x-c8ead423cc,,
reason-avengers-infinity-war-2018-avengers-endgame-2019-shared-entity-entity-x-f2dcf7c7cc,avengers-infinity-war-2018,avengers-endgame-2019,shared_entity,entity-x-f2dcf7c7cc,,
reason-avengers-infinity-war-2018-avengers-endgame-2019-shared-entity-entity-x-fd344cdc17,avengers-infinity-war-2018,avengers-endgame-2019,shared_entity,entity-x-fd344cdc17,,
reason-avengers-infinity-war-2018-black-panther-wakanda-forever-2022-shared-entity-entity-x-6f5fa7e694,avengers-infinity-war-2018,black-panther-wakanda-forever-2022,shared_entity,entity-x-6f5fa7e694,,
reason-avengers-infinity-war-2018-black-widow-2021-shared-entity-entity-x-927d19aa0b,avengers-infinity-war-2018,black-widow-2021,shared_entity,entity-x-927d19aa0b,,
reason-avengers-infinity-war-2018-captain-america-brave-new-world-2025-shared-entity-entity-x-fd344cdc17,avengers-infinity-war-2018,captain-america-brave-new-world-2025,shared_entity,entity-x-fd344cdc17,,
reason-avengers-infinity-war-2018-doctor-strange-in-the-multiverse-of-madness-2022-shared-entity-entity-x-42251c0735,avengers-infinity-war-2018,doctor-strange-in-the-multiverse-of-madness-2022,shared_entity,entity-x-42251c0735,,
reason-avengers-infinity-war-2018-doctor-strange-in-the-multiverse-of-madness-2022-shared-entity-entity-x-c8ead423cc,avengers-infinity-war-2018,doctor-strange-in-the-multiverse-of-madness-2022,shared_entity,entity-x-c8ead423cc,,
reason-avengers-infinity-war-2018-loki-s1-2021-shared-entity-entity-x-55e230260e,avengers-infinity-war-2018,loki-s1-2021,shared_entity,entity-x-55e230260e,,
reason-avengers-infinity-war-2018-loki-s2-2023-shared-entity-entity-x-55e230260e,avengers-infinity-war-2018,loki-s2-2023,shared_entity,entity-x-55e230260e,,
reason-avengers-infinity-war-2018-she-hulk-attorney-at-law-2022-shared-entity-entity-x-50a34df778,avengers-infinity-war-2018,she-hulk-attorney-at-law-2022,shared_entity,entity-x-50a34df778,,
reason-avengers-infinity-war-2018-spider-man-brand-new-day-2026-07-31-shared-entity-entity-mcu,avengers-infinity-war-2018,spider-man-brand-new-day-2026-07-31,shared_entity,entity-mcu,,
reason-avengers-infinity-war-2018-spider-man-far-from-home-2019-shared-entity-entity-mcu,avengers-infinity-war-2018,spider-man-far-from-home-2019,shared_entity,entity-mcu,,
reason-avengers-infinity-war-2018-spider-man-no-way-home-2021-shared-entity-entity-mcu,avengers-infinity-war-2018,spider-man-no-way-home-2021,shared_entity,entity-mcu,,
reason-avengers-infinity-war-2018-spider-man-no-way-home-2021-shared-entity-entity-x-c8ead423cc,avengers-infinity-war-2018,spider-man-no-way-home-2021,shared_entity,entity-x-c8ead423cc,,
reason-avengers-infinity-war-2018-the-falcon-and-the-winter-soldier-2021-shared-entity-entity-x-bd73e23ab5,avengers-infinity-war-2018,the-falcon-and-the-winter-soldier-2021,shared_entity,entity-x-bd73e23ab5,,
reason-avengers-infinity-war-2018-the-falcon-and-the-winter-soldier-2021-shared-entity-entity-x-fd344cdc17,avengers-infinity-war-2018,the-falcon-and-the-winter-soldier-2021,shared_entity,entity-x-fd344cdc17,,
reason-avengers-infinity-war-2018-thor-love-and-thunder-2022-shared-entity-entity-x-7250204b23,avengers-infinity-war-2018,thor-love-and-thunder-2022,shared_entity,entity-x-7250204b23,,
reason-avengers-infinity-war-2018-thunderbolts-new-avengers-2025-shared-entity-entity-x-bd73e23ab5,avengers-infinity-war-2018,thunderbolts-new-avengers-2025,shared_entity,entity-x-bd73e23ab5,,
reason-avengers-infinity-war-2018-visionquest-2026-10-14-shared-entity-entity-x-5d8d873f91,avengers-infinity-war-2018,visionquest-2026-10-14,shared_entity,entity-x-5d8d873f91,,
reason-avengers-infinity-war-2018-wandavision-2021-explicit-relation-work-relation-avengers-infinity-war-2018-wandavision-2021-story-link,avengers-infinity-war-2018,wandavision-2021,explicit_relation,,work-relation-avengers-infinity-war-2018-wandavision-2021-story-link,story_link; story; direct
reason-avengers-infinity-war-2018-wandavision-2021-shared-entity-entity-x-42251c0735,avengers-infinity-war-2018,wandavision-2021,shared_entity,entity-x-42251c0735,,
reason-avengers-infinity-war-2018-wandavision-2021-shared-entity-entity-x-5d8d873f91,avengers-infinity-war-2018,wandavision-2021,shared_entity,entity-x-5d8d873f91,,
reason-black-panther-2018-avengers-endgame-2019-shared-entity-entity-x-6f5fa7e694,black-panther-2018,avengers-endgame-2019,shared_entity,entity-x-6f5fa7e694,,
reason-black-panther-2018-avengers-infinity-war-2018-explicit-relation-work-relation-black-panther-2018-avengers-infinity-war-2018-crossover,black-panther-2018,avengers-infinity-war-2018,explicit_relation,,work-relation-black-panther-2018-avengers-infinity-war-2018-crossover,crossover; story; indirect
reason-black-panther-2018-avengers-infinity-war-2018-shared-entity-entity-x-6f5fa7e694,black-panther-2018,avengers-infinity-war-2018,shared_entity,entity-x-6f5fa7e694,,
reason-black-panther-2018-black-panther-wakanda-forever-2022-explicit-relation-work-relation-black-panther-2018-black-panther-wakanda-forever-2022-sequel,black-panther-2018,black-panther-wakanda-forever-2022,explicit_relation,,work-relation-black-panther-2018-black-panther-wakanda-forever-2022-sequel,sequel; story; direct
reason-black-panther-2018-black-panther-wakanda-forever-2022-shared-entity-entity-x-6f5fa7e694,black-panther-2018,black-panther-wakanda-forever-2022,shared_entity,entity-x-6f5fa7e694,,
reason-black-panther-2018-eyes-of-wakanda-2025-explicit-relation-work-relation-black-panther-2018-eyes-of-wakanda-2025-world-lore,black-panther-2018,eyes-of-wakanda-2025,explicit_relation,,work-relation-black-panther-2018-eyes-of-wakanda-2025-world-lore,world_lore; world_lore; indirect
reason-black-panther-wakanda-forever-2022-ironheart-2025-explicit-relation-work-relation-black-panther-wakanda-forever-2022-ironheart-2025-spinoff,black-panther-wakanda-forever-2022,ironheart-2025,explicit_relation,,work-relation-black-panther-wakanda-forever-2022-ironheart-2025-spinoff,spinoff; story; strong
reason-black-panther-wakanda-forever-2022-ironheart-2025-shared-entity-entity-x-f8ae7d551d,black-panther-wakanda-forever-2022,ironheart-2025,shared_entity,entity-x-f8ae7d551d,,
reason-black-widow-2021-hawkeye-2021-shared-entity-entity-x-3cfb930336,black-widow-2021,hawkeye-2021,shared_entity,entity-x-3cfb930336,,
reason-black-widow-2021-thunderbolts-new-avengers-2025-shared-entity-entity-x-3cfb930336,black-widow-2021,thunderbolts-new-avengers-2025,shared_entity,entity-x-3cfb930336,,
reason-blade-1998-1998-blade-ii-2002-explicit-relation-work-relation-blade-1998-1998-blade-ii-2002-sequel,blade-1998-1998,blade-ii-2002,explicit_relation,,work-relation-blade-1998-1998-blade-ii-2002-sequel,sequel; story; direct
reason-blade-ii-2002-blade-trinity-2004-explicit-relation-work-relation-blade-ii-2002-blade-trinity-2004-sequel,blade-ii-2002,blade-trinity-2004,explicit_relation,,work-relation-blade-ii-2002-blade-trinity-2004-sequel,sequel; story; direct
reason-blade-trinity-2004-deadpool-wolverine-2024-explicit-relation-work-relation-blade-trinity-2004-deadpool-wolverine-2024-crossover,blade-trinity-2004,deadpool-wolverine-2024,explicit_relation,,work-relation-blade-trinity-2004-deadpool-wolverine-2024-crossover,crossover; crossover; indirect
reason-captain-america-brave-new-world-2025-avengers-doomsday-2026-12-18-explicit-relation-work-relation-captain-america-brave-new-world-2025-avengers-doomsday-2026-12-18-promotion,captain-america-brave-new-world-2025,avengers-doomsday-2026-12-18,explicit_relation,,work-relation-captain-america-brave-new-world-2025-avengers-doomsday-2026-12-18-promotion,promotion; promotion; promotional
reason-captain-america-civil-war-2016-agents-of-s-h-i-e-l-d-20132020-explicit-relation-work-relation-captain-america-civil-war-2016-agents-of-s-h-i-e-l-d-20132020-world-lore,captain-america-civil-war-2016,agents-of-s-h-i-e-l-d-20132020,explicit_relation,,work-relation-captain-america-civil-war-2016-agents-of-s-h-i-e-l-d-20132020-world-lore,world_lore; world_lore; indirect
reason-captain-america-civil-war-2016-ant-man-and-the-wasp-2018-explicit-relation-work-relation-captain-america-civil-war-2016-ant-man-and-the-wasp-2018-aftermath,captain-america-civil-war-2016,ant-man-and-the-wasp-2018,explicit_relation,,work-relation-captain-america-civil-war-2016-ant-man-and-the-wasp-2018-aftermath,aftermath; story; indirect
reason-captain-america-civil-war-2016-avengers-endgame-2019-shared-entity-entity-mcu,captain-america-civil-war-2016,avengers-endgame-2019,shared_entity,entity-mcu,,
reason-captain-america-civil-war-2016-avengers-endgame-2019-shared-entity-entity-x-42251c0735,captain-america-civil-war-2016,avengers-endgame-2019,shared_entity,entity-x-42251c0735,,
reason-captain-america-civil-war-2016-avengers-endgame-2019-shared-entity-entity-x-5a2ee964f0,captain-america-civil-war-2016,avengers-endgame-2019,shared_entity,entity-x-5a2ee964f0,,
reason-captain-america-civil-war-2016-avengers-endgame-2019-shared-entity-entity-x-605a05a114,captain-america-civil-war-2016,avengers-endgame-2019,shared_entity,entity-x-605a05a114,,
reason-captain-america-civil-war-2016-avengers-endgame-2019-shared-entity-entity-x-927d19aa0b,captain-america-civil-war-2016,avengers-endgame-2019,shared_entity,entity-x-927d19aa0b,,
reason-captain-america-civil-war-2016-avengers-endgame-2019-shared-entity-entity-x-bd73e23ab5,captain-america-civil-war-2016,avengers-endgame-2019,shared_entity,entity-x-bd73e23ab5,,
reason-captain-america-civil-war-2016-avengers-endgame-2019-shared-entity-entity-x-f2dcf7c7cc,captain-america-civil-war-2016,avengers-endgame-2019,shared_entity,entity-x-f2dcf7c7cc,,
reason-captain-america-civil-war-2016-avengers-endgame-2019-shared-entity-entity-x-fd344cdc17,captain-america-civil-war-2016,avengers-endgame-2019,shared_entity,entity-x-fd344cdc17,,
reason-captain-america-civil-war-2016-avengers-infinity-war-2018-explicit-relation-work-relation-captain-america-civil-war-2016-avengers-infinity-war-2018-crossover,captain-america-civil-war-2016,avengers-infinity-war-2018,explicit_relation,,work-relation-captain-america-civil-war-2016-avengers-infinity-war-2018-crossover,crossover; crossover; indirect
reason-captain-america-civil-war-2016-avengers-infinity-war-2018-shared-entity-entity-mcu,captain-america-civil-war-2016,avengers-infinity-war-2018,shared_entity,entity-mcu,,
reason-captain-america-civil-war-2016-avengers-infinity-war-2018-shared-entity-entity-x-42251c0735,captain-america-civil-war-2016,avengers-infinity-war-2018,shared_entity,entity-x-42251c0735,,
reason-captain-america-civil-war-2016-avengers-infinity-war-2018-shared-entity-entity-x-5a2ee964f0,captain-america-civil-war-2016,avengers-infinity-war-2018,shared_entity,entity-x-5a2ee964f0,,
reason-captain-america-civil-war-2016-avengers-infinity-war-2018-shared-entity-entity-x-5d8d873f91,captain-america-civil-war-2016,avengers-infinity-war-2018,shared_entity,entity-x-5d8d873f91,,
reason-captain-america-civil-war-2016-avengers-infinity-war-2018-shared-entity-entity-x-927d19aa0b,captain-america-civil-war-2016,avengers-infinity-war-2018,shared_entity,entity-x-927d19aa0b,,
reason-captain-america-civil-war-2016-avengers-infinity-war-2018-shared-entity-entity-x-bd73e23ab5,captain-america-civil-war-2016,avengers-infinity-war-2018,shared_entity,entity-x-bd73e23ab5,,
reason-captain-america-civil-war-2016-avengers-infinity-war-2018-shared-entity-entity-x-f2dcf7c7cc,captain-america-civil-war-2016,avengers-infinity-war-2018,shared_entity,entity-x-f2dcf7c7cc,,
reason-captain-america-civil-war-2016-avengers-infinity-war-2018-shared-entity-entity-x-fd344cdc17,captain-america-civil-war-2016,avengers-infinity-war-2018,shared_entity,entity-x-fd344cdc17,,
reason-captain-america-civil-war-2016-black-panther-2018-explicit-relation-work-relation-captain-america-civil-war-2016-black-panther-2018-story-link,captain-america-civil-war-2016,black-panther-2018,explicit_relation,,work-relation-captain-america-civil-war-2016-black-panther-2018-story-link,story_link; story; direct
reason-captain-america-civil-war-2016-black-widow-2021-explicit-relation-work-relation-captain-america-civil-war-2016-black-widow-2021-aftermath,captain-america-civil-war-2016,black-widow-2021,explicit_relation,,work-relation-captain-america-civil-war-2016-black-widow-2021-aftermath,aftermath; story; direct
reason-captain-america-civil-war-2016-black-widow-2021-shared-entity-entity-x-927d19aa0b,captain-america-civil-war-2016,black-widow-2021,shared_entity,entity-x-927d19aa0b,,
reason-captain-america-civil-war-2016-captain-america-brave-new-world-2025-shared-entity-entity-x-fd344cdc17,captain-america-civil-war-2016,captain-america-brave-new-world-2025,shared_entity,entity-x-fd344cdc17,,
reason-captain-america-civil-war-2016-doctor-strange-in-the-multiverse-of-madness-2022-shared-entity-entity-x-42251c0735,captain-america-civil-war-2016,doctor-strange-in-the-multiverse-of-madness-2022,shared_entity,entity-x-42251c0735,,
reason-captain-america-civil-war-2016-hawkeye-2021-shared-entity-entity-x-605a05a114,captain-america-civil-war-2016,hawkeye-2021,shared_entity,entity-x-605a05a114,,
reason-captain-america-civil-war-2016-spider-man-brand-new-day-2026-07-31-shared-entity-entity-mcu,captain-america-civil-war-2016,spider-man-brand-new-day-2026-07-31,shared_entity,entity-mcu,,
reason-captain-america-civil-war-2016-spider-man-far-from-home-2019-shared-entity-entity-mcu,captain-america-civil-war-2016,spider-man-far-from-home-2019,shared_entity,entity-mcu,,
reason-captain-america-civil-war-2016-spider-man-homecoming-2017-explicit-relation-work-relation-captain-america-civil-war-2016-spider-man-homecoming-2017-story-link,captain-america-civil-war-2016,spider-man-homecoming-2017,explicit_relation,,work-relation-captain-america-civil-war-2016-spider-man-homecoming-2017-story-link,story_link; story; direct
reason-captain-america-civil-war-2016-spider-man-homecoming-2017-shared-entity-entity-mcu,captain-america-civil-war-2016,spider-man-homecoming-2017,shared_entity,entity-mcu,,
reason-captain-america-civil-war-2016-spider-man-homecoming-2017-shared-entity-entity-x-5a2ee964f0,captain-america-civil-war-2016,spider-man-homecoming-2017,shared_entity,entity-x-5a2ee964f0,,
reason-captain-america-civil-war-2016-spider-man-no-way-home-2021-shared-entity-entity-mcu,captain-america-civil-war-2016,spider-man-no-way-home-2021,shared_entity,entity-mcu,,
reason-captain-america-civil-war-2016-the-falcon-and-the-winter-soldier-2021-shared-entity-entity-x-bd73e23ab5,captain-america-civil-war-2016,the-falcon-and-the-winter-soldier-2021,shared_entity,entity-x-bd73e23ab5,,
reason-captain-america-civil-war-2016-the-falcon-and-the-winter-soldier-2021-shared-entity-entity-x-fd344cdc17,captain-america-civil-war-2016,the-falcon-and-the-winter-soldier-2021,shared_entity,entity-x-fd344cdc17,,
reason-captain-america-civil-war-2016-thunderbolts-new-avengers-2025-shared-entity-entity-x-bd73e23ab5,captain-america-civil-war-2016,thunderbolts-new-avengers-2025,shared_entity,entity-x-bd73e23ab5,,
reason-captain-america-civil-war-2016-visionquest-2026-10-14-shared-entity-entity-x-5d8d873f91,captain-america-civil-war-2016,visionquest-2026-10-14,shared_entity,entity-x-5d8d873f91,,
reason-captain-america-civil-war-2016-wandavision-2021-explicit-relation-work-relation-captain-america-civil-war-2016-wandavision-2021-world-lore,captain-america-civil-war-2016,wandavision-2021,explicit_relation,,work-relation-captain-america-civil-war-2016-wandavision-2021-world-lore,world_lore; world_lore; indirect
reason-captain-america-civil-war-2016-wandavision-2021-shared-entity-entity-x-42251c0735,captain-america-civil-war-2016,wandavision-2021,shared_entity,entity-x-42251c0735,,
reason-captain-america-civil-war-2016-wandavision-2021-shared-entity-entity-x-5d8d873f91,captain-america-civil-war-2016,wandavision-2021,shared_entity,entity-x-5d8d873f91,,
reason-captain-america-the-first-avenger-2011-agent-carter-one-shot-2013-explicit-relation-work-relation-captain-america-the-first-avenger-2011-agent-carter-one-shot-2013-story-link,captain-america-the-first-avenger-2011,agent-carter-one-shot-2013,explicit_relation,,work-relation-captain-america-the-first-avenger-2011-agent-carter-one-shot-2013-story-link,story_link; story; indirect
reason-captain-america-the-first-avenger-2011-avengers-age-of-ultron-2015-shared-entity-entity-x-f2dcf7c7cc,captain-america-the-first-avenger-2011,avengers-age-of-ultron-2015,shared_entity,entity-x-f2dcf7c7cc,,
reason-captain-america-the-first-avenger-2011-avengers-endgame-2019-shared-entity-entity-x-bd73e23ab5,captain-america-the-first-avenger-2011,avengers-endgame-2019,shared_entity,entity-x-bd73e23ab5,,
reason-captain-america-the-first-avenger-2011-avengers-endgame-2019-shared-entity-entity-x-f2dcf7c7cc,captain-america-the-first-avenger-2011,avengers-endgame-2019,shared_entity,entity-x-f2dcf7c7cc,,
reason-captain-america-the-first-avenger-2011-avengers-infinity-war-2018-shared-entity-entity-x-bd73e23ab5,captain-america-the-first-avenger-2011,avengers-infinity-war-2018,shared_entity,entity-x-bd73e23ab5,,
reason-captain-america-the-first-avenger-2011-avengers-infinity-war-2018-shared-entity-entity-x-f2dcf7c7cc,captain-america-the-first-avenger-2011,avengers-infinity-war-2018,shared_entity,entity-x-f2dcf7c7cc,,
reason-captain-america-the-first-avenger-2011-captain-america-civil-war-2016-shared-entity-entity-x-bd73e23ab5,captain-america-the-first-avenger-2011,captain-america-civil-war-2016,shared_entity,entity-x-bd73e23ab5,,
reason-captain-america-the-first-avenger-2011-captain-america-civil-war-2016-shared-entity-entity-x-f2dcf7c7cc,captain-america-the-first-avenger-2011,captain-america-civil-war-2016,shared_entity,entity-x-f2dcf7c7cc,,
reason-captain-america-the-first-avenger-2011-captain-america-the-winter-soldier-2014-explicit-relation-work-relation-captain-america-the-first-avenger-2011-captain-america-the-winter-soldier-2014-sequel,captain-america-the-first-avenger-2011,captain-america-the-winter-soldier-2014,explicit_relation,,work-relation-captain-america-the-first-avenger-2011-captain-america-the-winter-soldier-2014-sequel,sequel; story; direct
reason-captain-america-the-first-avenger-2011-captain-america-the-winter-soldier-2014-shared-entity-entity-x-bd73e23ab5,captain-america-the-first-avenger-2011,captain-america-the-winter-soldier-2014,shared_entity,entity-x-bd73e23ab5,,
reason-captain-america-the-first-avenger-2011-captain-america-the-winter-soldier-2014-shared-entity-entity-x-f2dcf7c7cc,captain-america-the-first-avenger-2011,captain-america-the-winter-soldier-2014,shared_entity,entity-x-f2dcf7c7cc,,
reason-captain-america-the-first-avenger-2011-the-avengers-2012-explicit-relation-work-relation-captain-america-the-first-avenger-2011-the-avengers-2012-crossover,captain-america-the-first-avenger-2011,the-avengers-2012,explicit_relation,,work-relation-captain-america-the-first-avenger-2011-the-avengers-2012-crossover,crossover; crossover; indirect
reason-captain-america-the-first-avenger-2011-the-avengers-2012-shared-entity-entity-x-f2dcf7c7cc,captain-america-the-first-avenger-2011,the-avengers-2012,shared_entity,entity-x-f2dcf7c7cc,,
reason-captain-america-the-first-avenger-2011-the-falcon-and-the-winter-soldier-2021-shared-entity-entity-x-bd73e23ab5,captain-america-the-first-avenger-2011,the-falcon-and-the-winter-soldier-2021,shared_entity,entity-x-bd73e23ab5,,
reason-captain-america-the-first-avenger-2011-thunderbolts-new-avengers-2025-shared-entity-entity-x-bd73e23ab5,captain-america-the-first-avenger-2011,thunderbolts-new-avengers-2025,shared_entity,entity-x-bd73e23ab5,,
reason-captain-america-the-winter-soldier-2014-agents-of-s-h-i-e-l-d-20132020-explicit-relation-work-relation-captain-america-the-winter-soldier-2014-agents-of-s-h-i-e-l-d-20132020-world-lore,captain-america-the-winter-soldier-2014,agents-of-s-h-i-e-l-d-20132020,explicit_relation,,work-relation-captain-america-the-winter-soldier-2014-agents-of-s-h-i-e-l-d-20132020-world-lore,world_lore; world_lore; direct
reason-captain-america-the-winter-soldier-2014-avengers-age-of-ultron-2015-explicit-relation-work-relation-captain-america-the-winter-soldier-2014-avengers-age-of-ultron-2015-crossover,captain-america-the-winter-soldier-2014,avengers-age-of-ultron-2015,explicit_relation,,work-relation-captain-america-the-winter-soldier-2014-avengers-age-of-ultron-2015-crossover,crossover; crossover; indirect
reason-captain-america-the-winter-soldier-2014-avengers-age-of-ultron-2015-shared-entity-entity-x-927d19aa0b,captain-america-the-winter-soldier-2014,avengers-age-of-ultron-2015,shared_entity,entity-x-927d19aa0b,,
reason-captain-america-the-winter-soldier-2014-avengers-age-of-ultron-2015-shared-entity-entity-x-f2dcf7c7cc,captain-america-the-winter-soldier-2014,avengers-age-of-ultron-2015,shared_entity,entity-x-f2dcf7c7cc,,
reason-captain-america-the-winter-soldier-2014-avengers-endgame-2019-shared-entity-entity-x-927d19aa0b,captain-america-the-winter-soldier-2014,avengers-endgame-2019,shared_entity,entity-x-927d19aa0b,,
reason-captain-america-the-winter-soldier-2014-avengers-endgame-2019-shared-entity-entity-x-bd73e23ab5,captain-america-the-winter-soldier-2014,avengers-endgame-2019,shared_entity,entity-x-bd73e23ab5,,
reason-captain-america-the-winter-soldier-2014-avengers-endgame-2019-shared-entity-entity-x-f2dcf7c7cc,captain-america-the-winter-soldier-2014,avengers-endgame-2019,shared_entity,entity-x-f2dcf7c7cc,,
reason-captain-america-the-winter-soldier-2014-avengers-endgame-2019-shared-entity-entity-x-fd344cdc17,captain-america-the-winter-soldier-2014,avengers-endgame-2019,shared_entity,entity-x-fd344cdc17,,
reason-captain-america-the-winter-soldier-2014-avengers-infinity-war-2018-shared-entity-entity-x-927d19aa0b,captain-america-the-winter-soldier-2014,avengers-infinity-war-2018,shared_entity,entity-x-927d19aa0b,,
reason-captain-america-the-winter-soldier-2014-avengers-infinity-war-2018-shared-entity-entity-x-bd73e23ab5,captain-america-the-winter-soldier-2014,avengers-infinity-war-2018,shared_entity,entity-x-bd73e23ab5,,
reason-captain-america-the-winter-soldier-2014-avengers-infinity-war-2018-shared-entity-entity-x-f2dcf7c7cc,captain-america-the-winter-soldier-2014,avengers-infinity-war-2018,shared_entity,entity-x-f2dcf7c7cc,,
reason-captain-america-the-winter-soldier-2014-avengers-infinity-war-2018-shared-entity-entity-x-fd344cdc17,captain-america-the-winter-soldier-2014,avengers-infinity-war-2018,shared_entity,entity-x-fd344cdc17,,
reason-captain-america-the-winter-soldier-2014-black-widow-2021-shared-entity-entity-x-927d19aa0b,captain-america-the-winter-soldier-2014,black-widow-2021,shared_entity,entity-x-927d19aa0b,,
reason-captain-america-the-winter-soldier-2014-captain-america-brave-new-world-2025-shared-entity-entity-x-fd344cdc17,captain-america-the-winter-soldier-2014,captain-america-brave-new-world-2025,shared_entity,entity-x-fd344cdc17,,
reason-captain-america-the-winter-soldier-2014-captain-america-civil-war-2016-explicit-relation-work-relation-captain-america-the-winter-soldier-2014-captain-america-civil-war-2016-sequel,captain-america-the-winter-soldier-2014,captain-america-civil-war-2016,explicit_relation,,work-relation-captain-america-the-winter-soldier-2014-captain-america-civil-war-2016-sequel,sequel; story; direct
reason-captain-america-the-winter-soldier-2014-captain-america-civil-war-2016-shared-entity-entity-x-927d19aa0b,captain-america-the-winter-soldier-2014,captain-america-civil-war-2016,shared_entity,entity-x-927d19aa0b,,
reason-captain-america-the-winter-soldier-2014-captain-america-civil-war-2016-shared-entity-entity-x-bd73e23ab5,captain-america-the-winter-soldier-2014,captain-america-civil-war-2016,shared_entity,entity-x-bd73e23ab5,,
reason-captain-america-the-winter-soldier-2014-captain-america-civil-war-2016-shared-entity-entity-x-f2dcf7c7cc,captain-america-the-winter-soldier-2014,captain-america-civil-war-2016,shared_entity,entity-x-f2dcf7c7cc,,
reason-captain-america-the-winter-soldier-2014-captain-america-civil-war-2016-shared-entity-entity-x-fd344cdc17,captain-america-the-winter-soldier-2014,captain-america-civil-war-2016,shared_entity,entity-x-fd344cdc17,,
reason-captain-america-the-winter-soldier-2014-the-falcon-and-the-winter-soldier-2021-shared-entity-entity-x-bd73e23ab5,captain-america-the-winter-soldier-2014,the-falcon-and-the-winter-soldier-2021,shared_entity,entity-x-bd73e23ab5,,
reason-captain-america-the-winter-soldier-2014-the-falcon-and-the-winter-soldier-2021-shared-entity-entity-x-fd344cdc17,captain-america-the-winter-soldier-2014,the-falcon-and-the-winter-soldier-2021,shared_entity,entity-x-fd344cdc17,,
reason-captain-america-the-winter-soldier-2014-thunderbolts-new-avengers-2025-shared-entity-entity-x-bd73e23ab5,captain-america-the-winter-soldier-2014,thunderbolts-new-avengers-2025,shared_entity,entity-x-bd73e23ab5,,
reason-captain-marvel-2019-avengers-endgame-2019-explicit-relation-work-relation-captain-marvel-2019-avengers-endgame-2019-crossover,captain-marvel-2019,avengers-endgame-2019,explicit_relation,,work-relation-captain-marvel-2019-avengers-endgame-2019-crossover,crossover; story; direct
reason-captain-marvel-2019-avengers-endgame-2019-shared-entity-entity-x-a6764da9a6,captain-marvel-2019,avengers-endgame-2019,shared_entity,entity-x-a6764da9a6,,
reason-captain-marvel-2019-secret-invasion-2023-explicit-relation-work-relation-captain-marvel-2019-secret-invasion-2023-world-lore,captain-marvel-2019,secret-invasion-2023,explicit_relation,,work-relation-captain-marvel-2019-secret-invasion-2023-world-lore,world_lore; world_lore; indirect
reason-captain-marvel-2019-the-marvels-2023-explicit-relation-work-relation-captain-marvel-2019-the-marvels-2023-sequel,captain-marvel-2019,the-marvels-2023,explicit_relation,,work-relation-captain-marvel-2019-the-marvels-2023-sequel,sequel; story; direct
reason-captain-marvel-2019-the-marvels-2023-shared-entity-entity-x-06c4fa169e,captain-marvel-2019,the-marvels-2023,shared_entity,entity-x-06c4fa169e,,
reason-captain-marvel-2019-the-marvels-2023-shared-entity-entity-x-a6764da9a6,captain-marvel-2019,the-marvels-2023,shared_entity,entity-x-a6764da9a6,,
reason-captain-marvel-2019-wandavision-2021-shared-entity-entity-x-06c4fa169e,captain-marvel-2019,wandavision-2021,shared_entity,entity-x-06c4fa169e,,
reason-cloak-dagger-20182019-runaways-20172019-explicit-relation-work-relation-cloak-dagger-20182019-runaways-20172019-crossover,cloak-dagger-20182019,runaways-20172019,explicit_relation,,work-relation-cloak-dagger-20182019-runaways-20172019-crossover,crossover; crossover; direct
reason-daredevil-2003-elektra-2005-explicit-relation-work-relation-daredevil-2003-elektra-2005-spinoff,daredevil-2003,elektra-2005,explicit_relation,,work-relation-daredevil-2003-elektra-2005-spinoff,spinoff; story; strong
reason-daredevil-born-again-s1-2025-daredevil-born-again-s2-2026-explicit-relation-work-relation-daredevil-born-again-s1-2025-daredevil-born-again-s2-2026-sequel,daredevil-born-again-s1-2025,daredevil-born-again-s2-2026,explicit_relation,,work-relation-daredevil-born-again-s1-2025-daredevil-born-again-s2-2026-sequel,sequel; story; direct
reason-daredevil-born-again-s1-2025-daredevil-born-again-s2-2026-shared-entity-entity-x-97f9d29354,daredevil-born-again-s1-2025,daredevil-born-again-s2-2026,shared_entity,entity-x-97f9d29354,,
reason-daredevil-born-again-s1-2025-daredevil-born-again-s2-2026-shared-entity-entity-x-b42511d738,daredevil-born-again-s1-2025,daredevil-born-again-s2-2026,shared_entity,entity-x-b42511d738,,
reason-daredevil-born-again-s1-2025-the-punisher-one-last-kill-2026-05-12-shared-entity-entity-x-cacda9afb6,daredevil-born-again-s1-2025,the-punisher-one-last-kill-2026-05-12,shared_entity,entity-x-cacda9afb6,,
reason-daredevil-born-again-s2-2026-daredevil-born-again-s3-tba-explicit-relation-work-relation-daredevil-born-again-s2-2026-daredevil-born-again-s3-tba-sequel,daredevil-born-again-s2-2026,daredevil-born-again-s3-tba,explicit_relation,,work-relation-daredevil-born-again-s2-2026-daredevil-born-again-s3-tba-sequel,sequel; story; direct
reason-daredevil-born-again-s2-2026-the-punisher-one-last-kill-2026-05-12-explicit-relation-work-relation-daredevil-born-again-s2-2026-the-punisher-one-last-kill-2026-05-12-crossover,daredevil-born-again-s2-2026,the-punisher-one-last-kill-2026-05-12,explicit_relation,,work-relation-daredevil-born-again-s2-2026-the-punisher-one-last-kill-2026-05-12-crossover,crossover; crossover; indirect
reason-daredevil-s1-2015-daredevil-born-again-s1-2025-shared-entity-entity-x-97f9d29354,daredevil-s1-2015,daredevil-born-again-s1-2025,shared_entity,entity-x-97f9d29354,,
reason-daredevil-s1-2015-daredevil-born-again-s1-2025-shared-entity-entity-x-b42511d738,daredevil-s1-2015,daredevil-born-again-s1-2025,shared_entity,entity-x-b42511d738,,
reason-daredevil-s1-2015-daredevil-born-again-s2-2026-shared-entity-entity-x-97f9d29354,daredevil-s1-2015,daredevil-born-again-s2-2026,shared_entity,entity-x-97f9d29354,,
reason-daredevil-s1-2015-daredevil-born-again-s2-2026-shared-entity-entity-x-b42511d738,daredevil-s1-2015,daredevil-born-again-s2-2026,shared_entity,entity-x-b42511d738,,
reason-daredevil-s1-2015-daredevil-s2-2016-explicit-relation-work-relation-daredevil-s1-2015-daredevil-s2-2016-sequel,daredevil-s1-2015,daredevil-s2-2016,explicit_relation,,work-relation-daredevil-s1-2015-daredevil-s2-2016-sequel,sequel; story; direct
reason-daredevil-s1-2015-daredevil-s2-2016-shared-entity-entity-x-97f9d29354,daredevil-s1-2015,daredevil-s2-2016,shared_entity,entity-x-97f9d29354,,
reason-daredevil-s1-2015-daredevil-s2-2016-shared-entity-entity-x-b42511d738,daredevil-s1-2015,daredevil-s2-2016,shared_entity,entity-x-b42511d738,,
reason-daredevil-s1-2015-daredevil-s3-2018-shared-entity-entity-x-97f9d29354,daredevil-s1-2015,daredevil-s3-2018,shared_entity,entity-x-97f9d29354,,
reason-daredevil-s1-2015-daredevil-s3-2018-shared-entity-entity-x-b42511d738,daredevil-s1-2015,daredevil-s3-2018,shared_entity,entity-x-b42511d738,,
reason-daredevil-s1-2015-echo-2024-shared-entity-entity-x-97f9d29354,daredevil-s1-2015,echo-2024,shared_entity,entity-x-97f9d29354,,
reason-daredevil-s1-2015-echo-2024-shared-entity-entity-x-b42511d738,daredevil-s1-2015,echo-2024,shared_entity,entity-x-b42511d738,,
reason-daredevil-s1-2015-hawkeye-2021-shared-entity-entity-x-b42511d738,daredevil-s1-2015,hawkeye-2021,shared_entity,entity-x-b42511d738,,
reason-daredevil-s1-2015-she-hulk-attorney-at-law-2022-shared-entity-entity-x-97f9d29354,daredevil-s1-2015,she-hulk-attorney-at-law-2022,shared_entity,entity-x-97f9d29354,,
reason-daredevil-s1-2015-spider-man-no-way-home-2021-shared-entity-entity-x-97f9d29354,daredevil-s1-2015,spider-man-no-way-home-2021,shared_entity,entity-x-97f9d29354,,
reason-daredevil-s1-2015-the-defenders-2017-shared-entity-entity-x-97f9d29354,daredevil-s1-2015,the-defenders-2017,shared_entity,entity-x-97f9d29354,,
reason-daredevil-s2-2016-daredevil-born-again-s1-2025-shared-entity-entity-x-97f9d29354,daredevil-s2-2016,daredevil-born-again-s1-2025,shared_entity,entity-x-97f9d29354,,
reason-daredevil-s2-2016-daredevil-born-again-s1-2025-shared-entity-entity-x-b42511d738,daredevil-s2-2016,daredevil-born-again-s1-2025,shared_entity,entity-x-b42511d738,,
reason-daredevil-s2-2016-daredevil-born-again-s1-2025-shared-entity-entity-x-cacda9afb6,daredevil-s2-2016,daredevil-born-again-s1-2025,shared_entity,entity-x-cacda9afb6,,
reason-daredevil-s2-2016-daredevil-born-again-s2-2026-shared-entity-entity-x-97f9d29354,daredevil-s2-2016,daredevil-born-again-s2-2026,shared_entity,entity-x-97f9d29354,,
reason-daredevil-s2-2016-daredevil-born-again-s2-2026-shared-entity-entity-x-b42511d738,daredevil-s2-2016,daredevil-born-again-s2-2026,shared_entity,entity-x-b42511d738,,
reason-daredevil-s2-2016-daredevil-s3-2018-shared-entity-entity-x-97f9d29354,daredevil-s2-2016,daredevil-s3-2018,shared_entity,entity-x-97f9d29354,,
reason-daredevil-s2-2016-daredevil-s3-2018-shared-entity-entity-x-b42511d738,daredevil-s2-2016,daredevil-s3-2018,shared_entity,entity-x-b42511d738,,
reason-daredevil-s2-2016-echo-2024-shared-entity-entity-x-97f9d29354,daredevil-s2-2016,echo-2024,shared_entity,entity-x-97f9d29354,,
reason-daredevil-s2-2016-echo-2024-shared-entity-entity-x-b42511d738,daredevil-s2-2016,echo-2024,shared_entity,entity-x-b42511d738,,
reason-daredevil-s2-2016-hawkeye-2021-shared-entity-entity-x-b42511d738,daredevil-s2-2016,hawkeye-2021,shared_entity,entity-x-b42511d738,,
reason-daredevil-s2-2016-she-hulk-attorney-at-law-2022-shared-entity-entity-x-97f9d29354,daredevil-s2-2016,she-hulk-attorney-at-law-2022,shared_entity,entity-x-97f9d29354,,
reason-daredevil-s2-2016-spider-man-no-way-home-2021-shared-entity-entity-x-97f9d29354,daredevil-s2-2016,spider-man-no-way-home-2021,shared_entity,entity-x-97f9d29354,,
reason-daredevil-s2-2016-the-defenders-2017-explicit-relation-work-relation-daredevil-s2-2016-the-defenders-2017-crossover,daredevil-s2-2016,the-defenders-2017,explicit_relation,,work-relation-daredevil-s2-2016-the-defenders-2017-crossover,crossover; crossover; direct
reason-daredevil-s2-2016-the-defenders-2017-shared-entity-entity-x-97f9d29354,daredevil-s2-2016,the-defenders-2017,shared_entity,entity-x-97f9d29354,,
reason-daredevil-s2-2016-the-punisher-one-last-kill-2026-05-12-shared-entity-entity-x-cacda9afb6,daredevil-s2-2016,the-punisher-one-last-kill-2026-05-12,shared_entity,entity-x-cacda9afb6,,
reason-daredevil-s2-2016-the-punisher-s1-2017-explicit-relation-work-relation-daredevil-s2-2016-the-punisher-s1-2017-spinoff,daredevil-s2-2016,the-punisher-s1-2017,explicit_relation,,work-relation-daredevil-s2-2016-the-punisher-s1-2017-spinoff,spinoff; story; strong
reason-daredevil-s2-2016-the-punisher-s1-2017-shared-entity-entity-x-cacda9afb6,daredevil-s2-2016,the-punisher-s1-2017,shared_entity,entity-x-cacda9afb6,,
reason-daredevil-s2-2016-the-punisher-s2-2019-shared-entity-entity-x-cacda9afb6,daredevil-s2-2016,the-punisher-s2-2019,shared_entity,entity-x-cacda9afb6,,
reason-daredevil-s3-2018-daredevil-born-again-s1-2025-explicit-relation-work-relation-daredevil-s3-2018-daredevil-born-again-s1-2025-sequel,daredevil-s3-2018,daredevil-born-again-s1-2025,explicit_relation,,work-relation-daredevil-s3-2018-daredevil-born-again-s1-2025-sequel,sequel; story; direct
reason-daredevil-s3-2018-daredevil-born-again-s1-2025-shared-entity-entity-x-97f9d29354,daredevil-s3-2018,daredevil-born-again-s1-2025,shared_entity,entity-x-97f9d29354,,
reason-daredevil-s3-2018-daredevil-born-again-s1-2025-shared-entity-entity-x-b42511d738,daredevil-s3-2018,daredevil-born-again-s1-2025,shared_entity,entity-x-b42511d738,,
reason-daredevil-s3-2018-daredevil-born-again-s2-2026-shared-entity-entity-x-97f9d29354,daredevil-s3-2018,daredevil-born-again-s2-2026,shared_entity,entity-x-97f9d29354,,
reason-daredevil-s3-2018-daredevil-born-again-s2-2026-shared-entity-entity-x-b42511d738,daredevil-s3-2018,daredevil-born-again-s2-2026,shared_entity,entity-x-b42511d738,,
reason-daredevil-s3-2018-echo-2024-shared-entity-entity-x-97f9d29354,daredevil-s3-2018,echo-2024,shared_entity,entity-x-97f9d29354,,
reason-daredevil-s3-2018-echo-2024-shared-entity-entity-x-b42511d738,daredevil-s3-2018,echo-2024,shared_entity,entity-x-b42511d738,,
reason-daredevil-s3-2018-hawkeye-2021-shared-entity-entity-x-b42511d738,daredevil-s3-2018,hawkeye-2021,shared_entity,entity-x-b42511d738,,
reason-daredevil-s3-2018-she-hulk-attorney-at-law-2022-shared-entity-entity-x-97f9d29354,daredevil-s3-2018,she-hulk-attorney-at-law-2022,shared_entity,entity-x-97f9d29354,,
reason-daredevil-s3-2018-spider-man-no-way-home-2021-shared-entity-entity-x-97f9d29354,daredevil-s3-2018,spider-man-no-way-home-2021,shared_entity,entity-x-97f9d29354,,
reason-deadpool-2-2018-deadpool-wolverine-2024-explicit-relation-work-relation-deadpool-2-2018-deadpool-wolverine-2024-story-link,deadpool-2-2018,deadpool-wolverine-2024,explicit_relation,,work-relation-deadpool-2-2018-deadpool-wolverine-2024-story-link,story_link; story; strong
reason-deadpool-2-2018-deadpool-wolverine-2024-shared-entity-entity-x-06b270750e,deadpool-2-2018,deadpool-wolverine-2024,shared_entity,entity-x-06b270750e,,
reason-deadpool-2016-deadpool-2-2018-explicit-relation-work-relation-deadpool-2016-deadpool-2-2018-sequel,deadpool-2016,deadpool-2-2018,explicit_relation,,work-relation-deadpool-2016-deadpool-2-2018-sequel,sequel; story; direct
reason-deadpool-2016-deadpool-2-2018-shared-entity-entity-x-06b270750e,deadpool-2016,deadpool-2-2018,shared_entity,entity-x-06b270750e,,
reason-deadpool-2016-deadpool-wolverine-2024-shared-entity-entity-x-06b270750e,deadpool-2016,deadpool-wolverine-2024,shared_entity,entity-x-06b270750e,,
reason-deadpool-wolverine-2024-avengers-doomsday-2026-12-18-explicit-relation-work-relation-deadpool-wolverine-2024-avengers-doomsday-2026-12-18-crossover,deadpool-wolverine-2024,avengers-doomsday-2026-12-18,explicit_relation,,work-relation-deadpool-wolverine-2024-avengers-doomsday-2026-12-18-crossover,crossover; crossover; direct
reason-doctor-strange-2016-avengers-endgame-2019-shared-entity-entity-x-c8ead423cc,doctor-strange-2016,avengers-endgame-2019,shared_entity,entity-x-c8ead423cc,,
reason-doctor-strange-2016-avengers-infinity-war-2018-explicit-relation-work-relation-doctor-strange-2016-avengers-infinity-war-2018-crossover,doctor-strange-2016,avengers-infinity-war-2018,explicit_relation,,work-relation-doctor-strange-2016-avengers-infinity-war-2018-crossover,crossover; crossover; indirect
reason-doctor-strange-2016-avengers-infinity-war-2018-shared-entity-entity-x-c8ead423cc,doctor-strange-2016,avengers-infinity-war-2018,shared_entity,entity-x-c8ead423cc,,
reason-doctor-strange-2016-doctor-strange-in-the-multiverse-of-madness-2022-explicit-relation-work-relation-doctor-strange-2016-doctor-strange-in-the-multiverse-of-madness-2022-sequel,doctor-strange-2016,doctor-strange-in-the-multiverse-of-madness-2022,explicit_relation,,work-relation-doctor-strange-2016-doctor-strange-in-the-multiverse-of-madness-2022-sequel,sequel; story; direct
reason-doctor-strange-2016-doctor-strange-in-the-multiverse-of-madness-2022-shared-entity-entity-x-c8ead423cc,doctor-strange-2016,doctor-strange-in-the-multiverse-of-madness-2022,shared_entity,entity-x-c8ead423cc,,
reason-doctor-strange-2016-spider-man-no-way-home-2021-shared-entity-entity-x-c8ead423cc,doctor-strange-2016,spider-man-no-way-home-2021,shared_entity,entity-x-c8ead423cc,,
reason-doctor-strange-2016-thor-ragnarok-2017-explicit-relation-work-relation-doctor-strange-2016-thor-ragnarok-2017-story-link,doctor-strange-2016,thor-ragnarok-2017,explicit_relation,,work-relation-doctor-strange-2016-thor-ragnarok-2017-story-link,story_link; story; indirect
reason-echo-2024-daredevil-born-again-s1-2025-explicit-relation-work-relation-echo-2024-daredevil-born-again-s1-2025-story-link,echo-2024,daredevil-born-again-s1-2025,explicit_relation,,work-relation-echo-2024-daredevil-born-again-s1-2025-story-link,story_link; story; indirect
reason-echo-2024-daredevil-born-again-s1-2025-shared-entity-entity-x-97f9d29354,echo-2024,daredevil-born-again-s1-2025,shared_entity,entity-x-97f9d29354,,
reason-echo-2024-daredevil-born-again-s1-2025-shared-entity-entity-x-b42511d738,echo-2024,daredevil-born-again-s1-2025,shared_entity,entity-x-b42511d738,,
reason-echo-2024-daredevil-born-again-s2-2026-shared-entity-entity-x-97f9d29354,echo-2024,daredevil-born-again-s2-2026,shared_entity,entity-x-97f9d29354,,
reason-echo-2024-daredevil-born-again-s2-2026-shared-entity-entity-x-b42511d738,echo-2024,daredevil-born-again-s2-2026,shared_entity,entity-x-b42511d738,,
reason-elektra-2005-deadpool-wolverine-2024-explicit-relation-work-relation-elektra-2005-deadpool-wolverine-2024-crossover,elektra-2005,deadpool-wolverine-2024,explicit_relation,,work-relation-elektra-2005-deadpool-wolverine-2024-crossover,crossover; crossover; indirect
reason-fantastic-four-2005-fantastic-four-rise-of-the-silver-surfer-2007-explicit-relation-work-relation-fantastic-four-2005-fantastic-four-rise-of-the-silver-surfer-2007-sequel,fantastic-four-2005,fantastic-four-rise-of-the-silver-surfer-2007,explicit_relation,,work-relation-fantastic-four-2005-fantastic-four-rise-of-the-silver-surfer-2007-sequel,sequel; story; direct
reason-fantastic-four-rise-of-the-silver-surfer-2007-deadpool-wolverine-2024-explicit-relation-work-relation-fantastic-four-rise-of-the-silver-surfer-2007-deadpool-wolverine-2024-crossover,fantastic-four-rise-of-the-silver-surfer-2007,deadpool-wolverine-2024,explicit_relation,,work-relation-fantastic-four-rise-of-the-silver-surfer-2007-deadpool-wolverine-2024-crossover,crossover; crossover; indirect
reason-guardians-of-the-galaxy-2014-captain-marvel-2019-explicit-relation-work-relation-guardians-of-the-galaxy-2014-captain-marvel-2019-lead-in,guardians-of-the-galaxy-2014,captain-marvel-2019,explicit_relation,,work-relation-guardians-of-the-galaxy-2014-captain-marvel-2019-lead-in,lead_in; world_lore; indirect
reason-guardians-of-the-galaxy-2014-guardians-of-the-galaxy-vol-2-2017-explicit-relation-work-relation-guardians-of-the-galaxy-2014-guardians-of-the-galaxy-vol-2-2017-sequel,guardians-of-the-galaxy-2014,guardians-of-the-galaxy-vol-2-2017,explicit_relation,,work-relation-guardians-of-the-galaxy-2014-guardians-of-the-galaxy-vol-2-2017-sequel,sequel; story; direct
reason-guardians-of-the-galaxy-vol-2-2017-avengers-infinity-war-2018-explicit-relation-work-relation-guardians-of-the-galaxy-vol-2-2017-avengers-infinity-war-2018-crossover,guardians-of-the-galaxy-vol-2-2017,avengers-infinity-war-2018,explicit_relation,,work-relation-guardians-of-the-galaxy-vol-2-2017-avengers-infinity-war-2018-crossover,crossover; crossover; indirect
reason-guardians-of-the-galaxy-vol-2-2017-i-am-groot-s1-2022-explicit-relation-work-relation-guardians-of-the-galaxy-vol-2-2017-i-am-groot-s1-2022-story-link,guardians-of-the-galaxy-vol-2-2017,i-am-groot-s1-2022,explicit_relation,,work-relation-guardians-of-the-galaxy-vol-2-2017-i-am-groot-s1-2022-story-link,story_link; story; indirect
reason-guardians-of-the-galaxy-vol-2-2017-the-guardians-of-the-galaxy-holiday-special-2022-explicit-relation-work-relation-guardians-of-the-galaxy-vol-2-2017-the-guardians-of-the-galaxy-holiday-special-2022-story-link,guardians-of-the-galaxy-vol-2-2017,the-guardians-of-the-galaxy-holiday-special-2022,explicit_relation,,work-relation-guardians-of-the-galaxy-vol-2-2017-the-guardians-of-the-galaxy-holiday-special-2022-story-link,story_link; story; strong
reason-hawkeye-2021-daredevil-born-again-s1-2025-explicit-relation-work-relation-hawkeye-2021-daredevil-born-again-s1-2025-lead-in,hawkeye-2021,daredevil-born-again-s1-2025,explicit_relation,,work-relation-hawkeye-2021-daredevil-born-again-s1-2025-lead-in,lead_in; story; indirect
reason-hawkeye-2021-daredevil-born-again-s1-2025-shared-entity-entity-x-b42511d738,hawkeye-2021,daredevil-born-again-s1-2025,shared_entity,entity-x-b42511d738,,
reason-hawkeye-2021-daredevil-born-again-s2-2026-shared-entity-entity-x-b42511d738,hawkeye-2021,daredevil-born-again-s2-2026,shared_entity,entity-x-b42511d738,,
reason-hawkeye-2021-echo-2024-explicit-relation-work-relation-hawkeye-2021-echo-2024-spinoff,hawkeye-2021,echo-2024,explicit_relation,,work-relation-hawkeye-2021-echo-2024-spinoff,spinoff; story; strong
reason-hawkeye-2021-echo-2024-shared-entity-entity-x-b42511d738,hawkeye-2021,echo-2024,shared_entity,entity-x-b42511d738,,
reason-hawkeye-2021-the-marvels-2023-shared-entity-entity-x-513bb16625,hawkeye-2021,the-marvels-2023,shared_entity,entity-x-513bb16625,,
reason-hawkeye-2021-thunderbolts-new-avengers-2025-shared-entity-entity-x-3cfb930336,hawkeye-2021,thunderbolts-new-avengers-2025,shared_entity,entity-x-3cfb930336,,
reason-i-am-groot-s1-2022-i-am-groot-s2-2023-explicit-relation-work-relation-i-am-groot-s1-2022-i-am-groot-s2-2023-sequel,i-am-groot-s1-2022,i-am-groot-s2-2023,explicit_relation,,work-relation-i-am-groot-s1-2022-i-am-groot-s2-2023-sequel,sequel; story; strong
reason-inhumans-2017-doctor-strange-in-the-multiverse-of-madness-2022-explicit-relation-work-relation-inhumans-2017-doctor-strange-in-the-multiverse-of-madness-2022-variant-callback,inhumans-2017,doctor-strange-in-the-multiverse-of-madness-2022,explicit_relation,,work-relation-inhumans-2017-doctor-strange-in-the-multiverse-of-madness-2022-variant-callback,variant_callback; variant_meta; proxy
reason-iron-fist-s1-2017-iron-fist-s2-2018-explicit-relation-work-relation-iron-fist-s1-2017-iron-fist-s2-2018-sequel,iron-fist-s1-2017,iron-fist-s2-2018,explicit_relation,,work-relation-iron-fist-s1-2017-iron-fist-s2-2018-sequel,sequel; story; direct
reason-iron-fist-s1-2017-the-defenders-2017-explicit-relation-work-relation-iron-fist-s1-2017-the-defenders-2017-crossover,iron-fist-s1-2017,the-defenders-2017,explicit_relation,,work-relation-iron-fist-s1-2017-the-defenders-2017-crossover,crossover; crossover; direct
reason-iron-man-2-2010-a-funny-thing-happened-on-the-way-to-thor-s-hammer-2011-explicit-relation-work-relation-iron-man-2-2010-a-funny-thing-happened-on-the-way-to-thor-s-hammer-2011-story-link,iron-man-2-2010,a-funny-thing-happened-on-the-way-to-thor-s-hammer-2011,explicit_relation,,work-relation-iron-man-2-2010-a-funny-thing-happened-on-the-way-to-thor-s-hammer-2011-story-link,story_link; story; indirect
reason-iron-man-2-2010-avengers-age-of-ultron-2015-shared-entity-entity-x-5a2ee964f0,iron-man-2-2010,avengers-age-of-ultron-2015,shared_entity,entity-x-5a2ee964f0,,
reason-iron-man-2-2010-avengers-age-of-ultron-2015-shared-entity-entity-x-927d19aa0b,iron-man-2-2010,avengers-age-of-ultron-2015,shared_entity,entity-x-927d19aa0b,,
reason-iron-man-2-2010-avengers-endgame-2019-shared-entity-entity-x-5a2ee964f0,iron-man-2-2010,avengers-endgame-2019,shared_entity,entity-x-5a2ee964f0,,
reason-iron-man-2-2010-avengers-endgame-2019-shared-entity-entity-x-927d19aa0b,iron-man-2-2010,avengers-endgame-2019,shared_entity,entity-x-927d19aa0b,,
reason-iron-man-2-2010-avengers-infinity-war-2018-shared-entity-entity-x-5a2ee964f0,iron-man-2-2010,avengers-infinity-war-2018,shared_entity,entity-x-5a2ee964f0,,
reason-iron-man-2-2010-avengers-infinity-war-2018-shared-entity-entity-x-927d19aa0b,iron-man-2-2010,avengers-infinity-war-2018,shared_entity,entity-x-927d19aa0b,,
reason-iron-man-2-2010-black-widow-2021-shared-entity-entity-x-927d19aa0b,iron-man-2-2010,black-widow-2021,shared_entity,entity-x-927d19aa0b,,
reason-iron-man-2-2010-captain-america-civil-war-2016-shared-entity-entity-x-5a2ee964f0,iron-man-2-2010,captain-america-civil-war-2016,shared_entity,entity-x-5a2ee964f0,,
reason-iron-man-2-2010-captain-america-civil-war-2016-shared-entity-entity-x-927d19aa0b,iron-man-2-2010,captain-america-civil-war-2016,shared_entity,entity-x-927d19aa0b,,
reason-iron-man-2-2010-captain-america-the-winter-soldier-2014-shared-entity-entity-x-927d19aa0b,iron-man-2-2010,captain-america-the-winter-soldier-2014,shared_entity,entity-x-927d19aa0b,,
reason-iron-man-2-2010-iron-man-3-2013-explicit-relation-work-relation-iron-man-2-2010-iron-man-3-2013-sequel,iron-man-2-2010,iron-man-3-2013,explicit_relation,,work-relation-iron-man-2-2010-iron-man-3-2013-sequel,sequel; story; direct
reason-iron-man-2-2010-iron-man-3-2013-shared-entity-entity-x-5a2ee964f0,iron-man-2-2010,iron-man-3-2013,shared_entity,entity-x-5a2ee964f0,,
reason-iron-man-2-2010-spider-man-homecoming-2017-shared-entity-entity-x-5a2ee964f0,iron-man-2-2010,spider-man-homecoming-2017,shared_entity,entity-x-5a2ee964f0,,
reason-iron-man-2-2010-the-avengers-2012-explicit-relation-work-relation-iron-man-2-2010-the-avengers-2012-crossover,iron-man-2-2010,the-avengers-2012,explicit_relation,,work-relation-iron-man-2-2010-the-avengers-2012-crossover,crossover; crossover; indirect
reason-iron-man-2-2010-the-avengers-2012-shared-entity-entity-x-5a2ee964f0,iron-man-2-2010,the-avengers-2012,shared_entity,entity-x-5a2ee964f0,,
reason-iron-man-2-2010-the-avengers-2012-shared-entity-entity-x-927d19aa0b,iron-man-2-2010,the-avengers-2012,shared_entity,entity-x-927d19aa0b,,
reason-iron-man-2-2010-thor-2011-explicit-relation-work-relation-iron-man-2-2010-thor-2011-world-lore,iron-man-2-2010,thor-2011,explicit_relation,,work-relation-iron-man-2-2010-thor-2011-world-lore,world_lore; world_lore; indirect
reason-iron-man-2008-avengers-age-of-ultron-2015-shared-entity-entity-x-5a2ee964f0,iron-man-2008,avengers-age-of-ultron-2015,shared_entity,entity-x-5a2ee964f0,,
reason-iron-man-2008-avengers-endgame-2019-shared-entity-entity-x-5a2ee964f0,iron-man-2008,avengers-endgame-2019,shared_entity,entity-x-5a2ee964f0,,
reason-iron-man-2008-avengers-infinity-war-2018-shared-entity-entity-x-5a2ee964f0,iron-man-2008,avengers-infinity-war-2018,shared_entity,entity-x-5a2ee964f0,,
reason-iron-man-2008-captain-america-civil-war-2016-shared-entity-entity-x-5a2ee964f0,iron-man-2008,captain-america-civil-war-2016,shared_entity,entity-x-5a2ee964f0,,
reason-iron-man-2008-iron-man-2-2010-explicit-relation-work-relation-iron-man-2008-iron-man-2-2010-sequel,iron-man-2008,iron-man-2-2010,explicit_relation,,work-relation-iron-man-2008-iron-man-2-2010-sequel,sequel; story; direct
reason-iron-man-2008-iron-man-2-2010-shared-entity-entity-x-5a2ee964f0,iron-man-2008,iron-man-2-2010,shared_entity,entity-x-5a2ee964f0,,
reason-iron-man-2008-iron-man-3-2013-shared-entity-entity-x-5a2ee964f0,iron-man-2008,iron-man-3-2013,shared_entity,entity-x-5a2ee964f0,,
reason-iron-man-2008-spider-man-homecoming-2017-shared-entity-entity-x-5a2ee964f0,iron-man-2008,spider-man-homecoming-2017,shared_entity,entity-x-5a2ee964f0,,
reason-iron-man-2008-the-avengers-2012-shared-entity-entity-x-5a2ee964f0,iron-man-2008,the-avengers-2012,shared_entity,entity-x-5a2ee964f0,,
reason-iron-man-3-2013-all-hail-the-king-2014-explicit-relation-work-relation-iron-man-3-2013-all-hail-the-king-2014-sequel,iron-man-3-2013,all-hail-the-king-2014,explicit_relation,,work-relation-iron-man-3-2013-all-hail-the-king-2014-sequel,sequel; story; indirect
reason-iron-man-3-2013-avengers-age-of-ultron-2015-explicit-relation-work-relation-iron-man-3-2013-avengers-age-of-ultron-2015-story-link,iron-man-3-2013,avengers-age-of-ultron-2015,explicit_relation,,work-relation-iron-man-3-2013-avengers-age-of-ultron-2015-story-link,story_link; story; indirect
reason-iron-man-3-2013-avengers-age-of-ultron-2015-shared-entity-entity-x-5a2ee964f0,iron-man-3-2013,avengers-age-of-ultron-2015,shared_entity,entity-x-5a2ee964f0,,
reason-iron-man-3-2013-avengers-endgame-2019-shared-entity-entity-x-5a2ee964f0,iron-man-3-2013,avengers-endgame-2019,shared_entity,entity-x-5a2ee964f0,,
reason-iron-man-3-2013-avengers-infinity-war-2018-shared-entity-entity-x-5a2ee964f0,iron-man-3-2013,avengers-infinity-war-2018,shared_entity,entity-x-5a2ee964f0,,
reason-iron-man-3-2013-captain-america-civil-war-2016-shared-entity-entity-x-5a2ee964f0,iron-man-3-2013,captain-america-civil-war-2016,shared_entity,entity-x-5a2ee964f0,,
reason-iron-man-3-2013-spider-man-homecoming-2017-shared-entity-entity-x-5a2ee964f0,iron-man-3-2013,spider-man-homecoming-2017,shared_entity,entity-x-5a2ee964f0,,
reason-jessica-jones-s1-2015-jessica-jones-s2-2018-explicit-relation-work-relation-jessica-jones-s1-2015-jessica-jones-s2-2018-sequel,jessica-jones-s1-2015,jessica-jones-s2-2018,explicit_relation,,work-relation-jessica-jones-s1-2015-jessica-jones-s2-2018-sequel,sequel; story; direct
reason-jessica-jones-s1-2015-the-defenders-2017-explicit-relation-work-relation-jessica-jones-s1-2015-the-defenders-2017-crossover,jessica-jones-s1-2015,the-defenders-2017,explicit_relation,,work-relation-jessica-jones-s1-2015-the-defenders-2017-crossover,crossover; crossover; direct
reason-jessica-jones-s2-2018-jessica-jones-s3-2019-explicit-relation-work-relation-jessica-jones-s2-2018-jessica-jones-s3-2019-sequel,jessica-jones-s2-2018,jessica-jones-s3-2019,explicit_relation,,work-relation-jessica-jones-s2-2018-jessica-jones-s3-2019-sequel,sequel; story; direct
reason-logan-2017-deadpool-wolverine-2024-shared-entity-entity-x-680db112c0,logan-2017,deadpool-wolverine-2024,shared_entity,entity-x-680db112c0,,
reason-loki-s1-2021-loki-s2-2023-explicit-relation-work-relation-loki-s1-2021-loki-s2-2023-sequel,loki-s1-2021,loki-s2-2023,explicit_relation,,work-relation-loki-s1-2021-loki-s2-2023-sequel,sequel; story; direct
reason-loki-s1-2021-loki-s2-2023-shared-entity-entity-x-55e230260e,loki-s1-2021,loki-s2-2023,shared_entity,entity-x-55e230260e,,
reason-loki-s2-2023-deadpool-wolverine-2024-explicit-relation-work-relation-loki-s2-2023-deadpool-wolverine-2024-crossover,loki-s2-2023,deadpool-wolverine-2024,explicit_relation,,work-relation-loki-s2-2023-deadpool-wolverine-2024-crossover,crossover; crossover; indirect
reason-luke-cage-s1-2016-luke-cage-s2-2018-explicit-relation-work-relation-luke-cage-s1-2016-luke-cage-s2-2018-sequel,luke-cage-s1-2016,luke-cage-s2-2018,explicit_relation,,work-relation-luke-cage-s1-2016-luke-cage-s2-2018-sequel,sequel; story; direct
reason-luke-cage-s1-2016-the-defenders-2017-explicit-relation-work-relation-luke-cage-s1-2016-the-defenders-2017-crossover,luke-cage-s1-2016,the-defenders-2017,explicit_relation,,work-relation-luke-cage-s1-2016-the-defenders-2017-crossover,crossover; crossover; direct
reason-ms-marvel-2022-the-marvels-2023-explicit-relation-work-relation-ms-marvel-2022-the-marvels-2023-story-link,ms-marvel-2022,the-marvels-2023,explicit_relation,,work-relation-ms-marvel-2022-the-marvels-2023-story-link,story_link; story; strong
reason-ms-marvel-2022-the-marvels-2023-shared-entity-entity-x-b51df877f5,ms-marvel-2022,the-marvels-2023,shared_entity,entity-x-b51df877f5,,
reason-secret-invasion-2023-the-marvels-2023-explicit-relation-work-relation-secret-invasion-2023-the-marvels-2023-world-lore,secret-invasion-2023,the-marvels-2023,explicit_relation,,work-relation-secret-invasion-2023-the-marvels-2023-world-lore,world_lore; world_lore; indirect
reason-shang-chi-and-the-legend-of-the-ten-rings-2021-avengers-doomsday-2026-12-18-explicit-relation-work-relation-shang-chi-and-the-legend-of-the-ten-rings-2021-avengers-doomsday-2026-12-18-promotion,shang-chi-and-the-legend-of-the-ten-rings-2021,avengers-doomsday-2026-12-18,explicit_relation,,work-relation-shang-chi-and-the-legend-of-the-ten-rings-2021-avengers-doomsday-2026-12-18-promotion,promotion; promotion; promotional
reason-she-hulk-attorney-at-law-2022-daredevil-born-again-s1-2025-explicit-relation-work-relation-she-hulk-attorney-at-law-2022-daredevil-born-again-s1-2025-story-link,she-hulk-attorney-at-law-2022,daredevil-born-again-s1-2025,explicit_relation,,work-relation-she-hulk-attorney-at-law-2022-daredevil-born-again-s1-2025-story-link,story_link; story; indirect
reason-she-hulk-attorney-at-law-2022-daredevil-born-again-s1-2025-shared-entity-entity-x-97f9d29354,she-hulk-attorney-at-law-2022,daredevil-born-again-s1-2025,shared_entity,entity-x-97f9d29354,,
reason-she-hulk-attorney-at-law-2022-daredevil-born-again-s2-2026-shared-entity-entity-x-97f9d29354,she-hulk-attorney-at-law-2022,daredevil-born-again-s2-2026,shared_entity,entity-x-97f9d29354,,
reason-she-hulk-attorney-at-law-2022-echo-2024-shared-entity-entity-x-97f9d29354,she-hulk-attorney-at-law-2022,echo-2024,shared_entity,entity-x-97f9d29354,,
reason-spider-man-2-2004-spider-man-3-2007-explicit-relation-work-relation-spider-man-2-2004-spider-man-3-2007-sequel,spider-man-2-2004,spider-man-3-2007,explicit_relation,,work-relation-spider-man-2-2004-spider-man-3-2007-sequel,sequel; story; direct
reason-spider-man-2-2004-spider-man-3-2007-shared-entity-entity-x-f162d4b4b2,spider-man-2-2004,spider-man-3-2007,shared_entity,entity-x-f162d4b4b2,,
reason-spider-man-2-2004-spider-man-no-way-home-2021-shared-entity-entity-x-f162d4b4b2,spider-man-2-2004,spider-man-no-way-home-2021,shared_entity,entity-x-f162d4b4b2,,
reason-spider-man-2002-spider-man-2-2004-explicit-relation-work-relation-spider-man-2002-spider-man-2-2004-sequel,spider-man-2002,spider-man-2-2004,explicit_relation,,work-relation-spider-man-2002-spider-man-2-2004-sequel,sequel; story; direct
reason-spider-man-2002-spider-man-2-2004-shared-entity-entity-x-f162d4b4b2,spider-man-2002,spider-man-2-2004,shared_entity,entity-x-f162d4b4b2,,
reason-spider-man-2002-spider-man-3-2007-shared-entity-entity-x-f162d4b4b2,spider-man-2002,spider-man-3-2007,shared_entity,entity-x-f162d4b4b2,,
reason-spider-man-2002-spider-man-no-way-home-2021-shared-entity-entity-x-f162d4b4b2,spider-man-2002,spider-man-no-way-home-2021,shared_entity,entity-x-f162d4b4b2,,
reason-spider-man-3-2007-spider-man-no-way-home-2021-explicit-relation-work-relation-spider-man-3-2007-spider-man-no-way-home-2021-crossover,spider-man-3-2007,spider-man-no-way-home-2021,explicit_relation,,work-relation-spider-man-3-2007-spider-man-no-way-home-2021-crossover,crossover; crossover; direct
reason-spider-man-3-2007-spider-man-no-way-home-2021-shared-entity-entity-x-f162d4b4b2,spider-man-3-2007,spider-man-no-way-home-2021,shared_entity,entity-x-f162d4b4b2,,
reason-spider-man-across-the-spider-verse-2023-spider-man-beyond-the-spider-verse-tba-explicit-relation-work-relation-spider-man-across-the-spider-verse-2023-spider-man-beyond-the-spider-verse-tba-sequel,spider-man-across-the-spider-verse-2023,spider-man-beyond-the-spider-verse-tba,explicit_relation,,work-relation-spider-man-across-the-spider-verse-2023-spider-man-beyond-the-spider-verse-tba-sequel,sequel; story; strong
reason-spider-man-far-from-home-2019-secret-invasion-2023-explicit-relation-work-relation-spider-man-far-from-home-2019-secret-invasion-2023-world-lore,spider-man-far-from-home-2019,secret-invasion-2023,explicit_relation,,work-relation-spider-man-far-from-home-2019-secret-invasion-2023-world-lore,world_lore; world_lore; indirect
reason-spider-man-far-from-home-2019-spider-man-brand-new-day-2026-07-31-shared-entity-entity-mcu,spider-man-far-from-home-2019,spider-man-brand-new-day-2026-07-31,shared_entity,entity-mcu,,
reason-spider-man-far-from-home-2019-spider-man-no-way-home-2021-explicit-relation-work-relation-spider-man-far-from-home-2019-spider-man-no-way-home-2021-sequel,spider-man-far-from-home-2019,spider-man-no-way-home-2021,explicit_relation,,work-relation-spider-man-far-from-home-2019-spider-man-no-way-home-2021-sequel,sequel; story; direct
reason-spider-man-far-from-home-2019-spider-man-no-way-home-2021-shared-entity-entity-mcu,spider-man-far-from-home-2019,spider-man-no-way-home-2021,shared_entity,entity-mcu,,
reason-spider-man-homecoming-2017-avengers-endgame-2019-shared-entity-entity-mcu,spider-man-homecoming-2017,avengers-endgame-2019,shared_entity,entity-mcu,,
reason-spider-man-homecoming-2017-avengers-endgame-2019-shared-entity-entity-x-5a2ee964f0,spider-man-homecoming-2017,avengers-endgame-2019,shared_entity,entity-x-5a2ee964f0,,
reason-spider-man-homecoming-2017-avengers-infinity-war-2018-explicit-relation-work-relation-spider-man-homecoming-2017-avengers-infinity-war-2018-crossover,spider-man-homecoming-2017,avengers-infinity-war-2018,explicit_relation,,work-relation-spider-man-homecoming-2017-avengers-infinity-war-2018-crossover,crossover; crossover; indirect
reason-spider-man-homecoming-2017-avengers-infinity-war-2018-shared-entity-entity-mcu,spider-man-homecoming-2017,avengers-infinity-war-2018,shared_entity,entity-mcu,,
reason-spider-man-homecoming-2017-avengers-infinity-war-2018-shared-entity-entity-x-5a2ee964f0,spider-man-homecoming-2017,avengers-infinity-war-2018,shared_entity,entity-x-5a2ee964f0,,
reason-spider-man-homecoming-2017-spider-man-brand-new-day-2026-07-31-shared-entity-entity-mcu,spider-man-homecoming-2017,spider-man-brand-new-day-2026-07-31,shared_entity,entity-mcu,,
reason-spider-man-homecoming-2017-spider-man-far-from-home-2019-explicit-relation-work-relation-spider-man-homecoming-2017-spider-man-far-from-home-2019-sequel,spider-man-homecoming-2017,spider-man-far-from-home-2019,explicit_relation,,work-relation-spider-man-homecoming-2017-spider-man-far-from-home-2019-sequel,sequel; story; direct
reason-spider-man-homecoming-2017-spider-man-far-from-home-2019-shared-entity-entity-mcu,spider-man-homecoming-2017,spider-man-far-from-home-2019,shared_entity,entity-mcu,,
reason-spider-man-homecoming-2017-spider-man-no-way-home-2021-shared-entity-entity-mcu,spider-man-homecoming-2017,spider-man-no-way-home-2021,shared_entity,entity-mcu,,
reason-spider-man-into-the-spider-verse-2018-spider-man-across-the-spider-verse-2023-explicit-relation-work-relation-spider-man-into-the-spider-verse-2018-spider-man-across-the-spider-verse-2023-sequel,spider-man-into-the-spider-verse-2018,spider-man-across-the-spider-verse-2023,explicit_relation,,work-relation-spider-man-into-the-spider-verse-2018-spider-man-across-the-spider-verse-2023-sequel,sequel; story; direct
reason-spider-man-no-way-home-2021-daredevil-born-again-s1-2025-shared-entity-entity-x-97f9d29354,spider-man-no-way-home-2021,daredevil-born-again-s1-2025,shared_entity,entity-x-97f9d29354,,
reason-spider-man-no-way-home-2021-daredevil-born-again-s2-2026-shared-entity-entity-x-97f9d29354,spider-man-no-way-home-2021,daredevil-born-again-s2-2026,shared_entity,entity-x-97f9d29354,,
reason-spider-man-no-way-home-2021-doctor-strange-in-the-multiverse-of-madness-2022-explicit-relation-work-relation-spider-man-no-way-home-2021-doctor-strange-in-the-multiverse-of-madness-2022-crossover,spider-man-no-way-home-2021,doctor-strange-in-the-multiverse-of-madness-2022,explicit_relation,,work-relation-spider-man-no-way-home-2021-doctor-strange-in-the-multiverse-of-madness-2022-crossover,crossover; crossover; direct
reason-spider-man-no-way-home-2021-doctor-strange-in-the-multiverse-of-madness-2022-shared-entity-entity-x-c8ead423cc,spider-man-no-way-home-2021,doctor-strange-in-the-multiverse-of-madness-2022,shared_entity,entity-x-c8ead423cc,,
reason-spider-man-no-way-home-2021-echo-2024-shared-entity-entity-x-97f9d29354,spider-man-no-way-home-2021,echo-2024,shared_entity,entity-x-97f9d29354,,
reason-spider-man-no-way-home-2021-morbius-2022-explicit-relation-work-relation-spider-man-no-way-home-2021-morbius-2022-crossover,spider-man-no-way-home-2021,morbius-2022,explicit_relation,,work-relation-spider-man-no-way-home-2021-morbius-2022-crossover,crossover; crossover; indirect
reason-spider-man-no-way-home-2021-she-hulk-attorney-at-law-2022-shared-entity-entity-x-97f9d29354,spider-man-no-way-home-2021,she-hulk-attorney-at-law-2022,shared_entity,entity-x-97f9d29354,,
reason-spider-man-no-way-home-2021-spider-man-brand-new-day-2026-07-31-explicit-relation-work-relation-spider-man-no-way-home-2021-spider-man-brand-new-day-2026-07-31-story-link,spider-man-no-way-home-2021,spider-man-brand-new-day-2026-07-31,explicit_relation,,work-relation-spider-man-no-way-home-2021-spider-man-brand-new-day-2026-07-31-story-link,story_link; story; direct
reason-spider-man-no-way-home-2021-spider-man-brand-new-day-2026-07-31-shared-entity-entity-mcu,spider-man-no-way-home-2021,spider-man-brand-new-day-2026-07-31,shared_entity,entity-mcu,,
reason-the-amazing-spider-man-2-2014-spider-man-no-way-home-2021-explicit-relation-work-relation-the-amazing-spider-man-2-2014-spider-man-no-way-home-2021-crossover,the-amazing-spider-man-2-2014,spider-man-no-way-home-2021,explicit_relation,,work-relation-the-amazing-spider-man-2-2014-spider-man-no-way-home-2021-crossover,crossover; crossover; direct
reason-the-amazing-spider-man-2-2014-spider-man-no-way-home-2021-shared-entity-entity-x-f8b1d323de,the-amazing-spider-man-2-2014,spider-man-no-way-home-2021,shared_entity,entity-x-f8b1d323de,,
reason-the-amazing-spider-man-2012-spider-man-no-way-home-2021-shared-entity-entity-x-f8b1d323de,the-amazing-spider-man-2012,spider-man-no-way-home-2021,shared_entity,entity-x-f8b1d323de,,
reason-the-amazing-spider-man-2012-the-amazing-spider-man-2-2014-explicit-relation-work-relation-the-amazing-spider-man-2012-the-amazing-spider-man-2-2014-sequel,the-amazing-spider-man-2012,the-amazing-spider-man-2-2014,explicit_relation,,work-relation-the-amazing-spider-man-2012-the-amazing-spider-man-2-2014-sequel,sequel; story; direct
reason-the-amazing-spider-man-2012-the-amazing-spider-man-2-2014-shared-entity-entity-x-f8b1d323de,the-amazing-spider-man-2012,the-amazing-spider-man-2-2014,shared_entity,entity-x-f8b1d323de,,
reason-the-avengers-2012-agents-of-s-h-i-e-l-d-20132020-explicit-relation-work-relation-the-avengers-2012-agents-of-s-h-i-e-l-d-20132020-world-lore,the-avengers-2012,agents-of-s-h-i-e-l-d-20132020,explicit_relation,,work-relation-the-avengers-2012-agents-of-s-h-i-e-l-d-20132020-world-lore,world_lore; world_lore; indirect
reason-the-avengers-2012-avengers-age-of-ultron-2015-explicit-relation-work-relation-the-avengers-2012-avengers-age-of-ultron-2015-sequel,the-avengers-2012,avengers-age-of-ultron-2015,explicit_relation,,work-relation-the-avengers-2012-avengers-age-of-ultron-2015-sequel,sequel; story; direct
reason-the-avengers-2012-avengers-age-of-ultron-2015-shared-entity-entity-x-50a34df778,the-avengers-2012,avengers-age-of-ultron-2015,shared_entity,entity-x-50a34df778,,
reason-the-avengers-2012-avengers-age-of-ultron-2015-shared-entity-entity-x-5a2ee964f0,the-avengers-2012,avengers-age-of-ultron-2015,shared_entity,entity-x-5a2ee964f0,,
reason-the-avengers-2012-avengers-age-of-ultron-2015-shared-entity-entity-x-605a05a114,the-avengers-2012,avengers-age-of-ultron-2015,shared_entity,entity-x-605a05a114,,
reason-the-avengers-2012-avengers-age-of-ultron-2015-shared-entity-entity-x-7250204b23,the-avengers-2012,avengers-age-of-ultron-2015,shared_entity,entity-x-7250204b23,,
reason-the-avengers-2012-avengers-age-of-ultron-2015-shared-entity-entity-x-927d19aa0b,the-avengers-2012,avengers-age-of-ultron-2015,shared_entity,entity-x-927d19aa0b,,
reason-the-avengers-2012-avengers-age-of-ultron-2015-shared-entity-entity-x-f2dcf7c7cc,the-avengers-2012,avengers-age-of-ultron-2015,shared_entity,entity-x-f2dcf7c7cc,,
reason-the-avengers-2012-avengers-doomsday-2026-12-18-shared-entity-entity-x-7250204b23,the-avengers-2012,avengers-doomsday-2026-12-18,shared_entity,entity-x-7250204b23,,
reason-the-avengers-2012-avengers-endgame-2019-shared-entity-entity-x-50a34df778,the-avengers-2012,avengers-endgame-2019,shared_entity,entity-x-50a34df778,,
reason-the-avengers-2012-avengers-endgame-2019-shared-entity-entity-x-5a2ee964f0,the-avengers-2012,avengers-endgame-2019,shared_entity,entity-x-5a2ee964f0,,
reason-the-avengers-2012-avengers-endgame-2019-shared-entity-entity-x-605a05a114,the-avengers-2012,avengers-endgame-2019,shared_entity,entity-x-605a05a114,,
reason-the-avengers-2012-avengers-endgame-2019-shared-entity-entity-x-7250204b23,the-avengers-2012,avengers-endgame-2019,shared_entity,entity-x-7250204b23,,
reason-the-avengers-2012-avengers-endgame-2019-shared-entity-entity-x-927d19aa0b,the-avengers-2012,avengers-endgame-2019,shared_entity,entity-x-927d19aa0b,,
reason-the-avengers-2012-avengers-endgame-2019-shared-entity-entity-x-f2dcf7c7cc,the-avengers-2012,avengers-endgame-2019,shared_entity,entity-x-f2dcf7c7cc,,
reason-the-avengers-2012-avengers-infinity-war-2018-shared-entity-entity-x-50a34df778,the-avengers-2012,avengers-infinity-war-2018,shared_entity,entity-x-50a34df778,,
reason-the-avengers-2012-avengers-infinity-war-2018-shared-entity-entity-x-55e230260e,the-avengers-2012,avengers-infinity-war-2018,shared_entity,entity-x-55e230260e,,
reason-the-avengers-2012-avengers-infinity-war-2018-shared-entity-entity-x-5a2ee964f0,the-avengers-2012,avengers-infinity-war-2018,shared_entity,entity-x-5a2ee964f0,,
reason-the-avengers-2012-avengers-infinity-war-2018-shared-entity-entity-x-7250204b23,the-avengers-2012,avengers-infinity-war-2018,shared_entity,entity-x-7250204b23,,
reason-the-avengers-2012-avengers-infinity-war-2018-shared-entity-entity-x-927d19aa0b,the-avengers-2012,avengers-infinity-war-2018,shared_entity,entity-x-927d19aa0b,,
reason-the-avengers-2012-avengers-infinity-war-2018-shared-entity-entity-x-f2dcf7c7cc,the-avengers-2012,avengers-infinity-war-2018,shared_entity,entity-x-f2dcf7c7cc,,
reason-the-avengers-2012-black-widow-2021-shared-entity-entity-x-927d19aa0b,the-avengers-2012,black-widow-2021,shared_entity,entity-x-927d19aa0b,,
reason-the-avengers-2012-captain-america-civil-war-2016-shared-entity-entity-x-5a2ee964f0,the-avengers-2012,captain-america-civil-war-2016,shared_entity,entity-x-5a2ee964f0,,
reason-the-avengers-2012-captain-america-civil-war-2016-shared-entity-entity-x-605a05a114,the-avengers-2012,captain-america-civil-war-2016,shared_entity,entity-x-605a05a114,,
reason-the-avengers-2012-captain-america-civil-war-2016-shared-entity-entity-x-927d19aa0b,the-avengers-2012,captain-america-civil-war-2016,shared_entity,entity-x-927d19aa0b,,
reason-the-avengers-2012-captain-america-civil-war-2016-shared-entity-entity-x-f2dcf7c7cc,the-avengers-2012,captain-america-civil-war-2016,shared_entity,entity-x-f2dcf7c7cc,,
reason-the-avengers-2012-captain-america-the-winter-soldier-2014-explicit-relation-work-relation-the-avengers-2012-captain-america-the-winter-soldier-2014-world-lore,the-avengers-2012,captain-america-the-winter-soldier-2014,explicit_relation,,work-relation-the-avengers-2012-captain-america-the-winter-soldier-2014-world-lore,world_lore; crossover; indirect
reason-the-avengers-2012-captain-america-the-winter-soldier-2014-shared-entity-entity-x-927d19aa0b,the-avengers-2012,captain-america-the-winter-soldier-2014,shared_entity,entity-x-927d19aa0b,,
reason-the-avengers-2012-captain-america-the-winter-soldier-2014-shared-entity-entity-x-f2dcf7c7cc,the-avengers-2012,captain-america-the-winter-soldier-2014,shared_entity,entity-x-f2dcf7c7cc,,
reason-the-avengers-2012-hawkeye-2021-shared-entity-entity-x-605a05a114,the-avengers-2012,hawkeye-2021,shared_entity,entity-x-605a05a114,,
reason-the-avengers-2012-iron-man-3-2013-explicit-relation-work-relation-the-avengers-2012-iron-man-3-2013-aftermath,the-avengers-2012,iron-man-3-2013,explicit_relation,,work-relation-the-avengers-2012-iron-man-3-2013-aftermath,aftermath; story; indirect
reason-the-avengers-2012-iron-man-3-2013-shared-entity-entity-x-5a2ee964f0,the-avengers-2012,iron-man-3-2013,shared_entity,entity-x-5a2ee964f0,,
reason-the-avengers-2012-item-47-2012-explicit-relation-work-relation-the-avengers-2012-item-47-2012-sequel,the-avengers-2012,item-47-2012,explicit_relation,,work-relation-the-avengers-2012-item-47-2012-sequel,sequel; story; direct
reason-the-avengers-2012-loki-s1-2021-shared-entity-entity-x-55e230260e,the-avengers-2012,loki-s1-2021,shared_entity,entity-x-55e230260e,,
reason-the-avengers-2012-loki-s2-2023-shared-entity-entity-x-55e230260e,the-avengers-2012,loki-s2-2023,shared_entity,entity-x-55e230260e,,
reason-the-avengers-2012-she-hulk-attorney-at-law-2022-shared-entity-entity-x-50a34df778,the-avengers-2012,she-hulk-attorney-at-law-2022,shared_entity,entity-x-50a34df778,,
reason-the-avengers-2012-spider-man-homecoming-2017-shared-entity-entity-x-5a2ee964f0,the-avengers-2012,spider-man-homecoming-2017,shared_entity,entity-x-5a2ee964f0,,
reason-the-avengers-2012-thor-love-and-thunder-2022-shared-entity-entity-x-7250204b23,the-avengers-2012,thor-love-and-thunder-2022,shared_entity,entity-x-7250204b23,,
reason-the-avengers-2012-thor-ragnarok-2017-shared-entity-entity-x-50a34df778,the-avengers-2012,thor-ragnarok-2017,shared_entity,entity-x-50a34df778,,
reason-the-avengers-2012-thor-ragnarok-2017-shared-entity-entity-x-55e230260e,the-avengers-2012,thor-ragnarok-2017,shared_entity,entity-x-55e230260e,,
reason-the-avengers-2012-thor-ragnarok-2017-shared-entity-entity-x-7250204b23,the-avengers-2012,thor-ragnarok-2017,shared_entity,entity-x-7250204b23,,
reason-the-avengers-2012-thor-the-dark-world-2013-shared-entity-entity-x-55e230260e,the-avengers-2012,thor-the-dark-world-2013,shared_entity,entity-x-55e230260e,,
reason-the-avengers-2012-thor-the-dark-world-2013-shared-entity-entity-x-7250204b23,the-avengers-2012,thor-the-dark-world-2013,shared_entity,entity-x-7250204b23,,
reason-the-consultant-2011-the-avengers-2012-explicit-relation-work-relation-the-consultant-2011-the-avengers-2012-story-link,the-consultant-2011,the-avengers-2012,explicit_relation,,work-relation-the-consultant-2011-the-avengers-2012-story-link,story_link; story; indirect
reason-the-defenders-2017-daredevil-born-again-s1-2025-shared-entity-entity-x-97f9d29354,the-defenders-2017,daredevil-born-again-s1-2025,shared_entity,entity-x-97f9d29354,,
reason-the-defenders-2017-daredevil-born-again-s2-2026-shared-entity-entity-x-97f9d29354,the-defenders-2017,daredevil-born-again-s2-2026,shared_entity,entity-x-97f9d29354,,
reason-the-defenders-2017-daredevil-s3-2018-explicit-relation-work-relation-the-defenders-2017-daredevil-s3-2018-aftermath,the-defenders-2017,daredevil-s3-2018,explicit_relation,,work-relation-the-defenders-2017-daredevil-s3-2018-aftermath,aftermath; story; strong
reason-the-defenders-2017-daredevil-s3-2018-shared-entity-entity-x-97f9d29354,the-defenders-2017,daredevil-s3-2018,shared_entity,entity-x-97f9d29354,,
reason-the-defenders-2017-echo-2024-shared-entity-entity-x-97f9d29354,the-defenders-2017,echo-2024,shared_entity,entity-x-97f9d29354,,
reason-the-defenders-2017-iron-fist-s2-2018-explicit-relation-work-relation-the-defenders-2017-iron-fist-s2-2018-story-link,the-defenders-2017,iron-fist-s2-2018,explicit_relation,,work-relation-the-defenders-2017-iron-fist-s2-2018-story-link,story_link; story; strong
reason-the-defenders-2017-jessica-jones-s2-2018-explicit-relation-work-relation-the-defenders-2017-jessica-jones-s2-2018-story-link,the-defenders-2017,jessica-jones-s2-2018,explicit_relation,,work-relation-the-defenders-2017-jessica-jones-s2-2018-story-link,story_link; story; strong
reason-the-defenders-2017-luke-cage-s2-2018-explicit-relation-work-relation-the-defenders-2017-luke-cage-s2-2018-story-link,the-defenders-2017,luke-cage-s2-2018,explicit_relation,,work-relation-the-defenders-2017-luke-cage-s2-2018-story-link,story_link; story; strong
reason-the-defenders-2017-she-hulk-attorney-at-law-2022-shared-entity-entity-x-97f9d29354,the-defenders-2017,she-hulk-attorney-at-law-2022,shared_entity,entity-x-97f9d29354,,
reason-the-defenders-2017-spider-man-no-way-home-2021-shared-entity-entity-x-97f9d29354,the-defenders-2017,spider-man-no-way-home-2021,shared_entity,entity-x-97f9d29354,,
reason-the-falcon-and-the-winter-soldier-2021-captain-america-brave-new-world-2025-explicit-relation-work-relation-the-falcon-and-the-winter-soldier-2021-captain-america-brave-new-world-2025-story-link,the-falcon-and-the-winter-soldier-2021,captain-america-brave-new-world-2025,explicit_relation,,work-relation-the-falcon-and-the-winter-soldier-2021-captain-america-brave-new-world-2025-story-link,story_link; story; strong
reason-the-falcon-and-the-winter-soldier-2021-captain-america-brave-new-world-2025-shared-entity-entity-x-fd344cdc17,the-falcon-and-the-winter-soldier-2021,captain-america-brave-new-world-2025,shared_entity,entity-x-fd344cdc17,,
reason-the-falcon-and-the-winter-soldier-2021-thunderbolts-new-avengers-2025-explicit-relation-work-relation-the-falcon-and-the-winter-soldier-2021-thunderbolts-new-avengers-2025-lead-in,the-falcon-and-the-winter-soldier-2021,thunderbolts-new-avengers-2025,explicit_relation,,work-relation-the-falcon-and-the-winter-soldier-2021-thunderbolts-new-avengers-2025-lead-in,lead_in; story; indirect
reason-the-falcon-and-the-winter-soldier-2021-thunderbolts-new-avengers-2025-shared-entity-entity-x-bd73e23ab5,the-falcon-and-the-winter-soldier-2021,thunderbolts-new-avengers-2025,shared_entity,entity-x-bd73e23ab5,,
reason-the-fantastic-four-first-steps-2025-avengers-doomsday-2026-12-18-explicit-relation-work-relation-the-fantastic-four-first-steps-2025-avengers-doomsday-2026-12-18-lead-in,the-fantastic-four-first-steps-2025,avengers-doomsday-2026-12-18,explicit_relation,,work-relation-the-fantastic-four-first-steps-2025-avengers-doomsday-2026-12-18-lead-in,lead_in; story; direct
reason-the-fantastic-four-first-steps-2025-avengers-doomsday-2026-12-18-shared-entity-entity-x-0f36d6d903,the-fantastic-four-first-steps-2025,avengers-doomsday-2026-12-18,shared_entity,entity-x-0f36d6d903,,
reason-the-fantastic-four-first-steps-2025-avengers-doomsday-2026-12-18-shared-entity-entity-x-23cb2517c1,the-fantastic-four-first-steps-2025,avengers-doomsday-2026-12-18,shared_entity,entity-x-23cb2517c1,,
reason-the-fantastic-four-first-steps-2025-avengers-doomsday-2026-12-18-shared-entity-entity-x-769f0c6132,the-fantastic-four-first-steps-2025,avengers-doomsday-2026-12-18,shared_entity,entity-x-769f0c6132,,
reason-the-fantastic-four-first-steps-2025-avengers-doomsday-2026-12-18-shared-entity-entity-x-f1342534e0,the-fantastic-four-first-steps-2025,avengers-doomsday-2026-12-18,shared_entity,entity-x-f1342534e0,,
reason-the-guardians-of-the-galaxy-holiday-special-2022-guardians-of-the-galaxy-vol-3-2023-explicit-relation-work-relation-the-guardians-of-the-galaxy-holiday-special-2022-guardians-of-the-galaxy-vol-3-2023-lead-in,the-guardians-of-the-galaxy-holiday-special-2022,guardians-of-the-galaxy-vol-3-2023,explicit_relation,,work-relation-the-guardians-of-the-galaxy-holiday-special-2022-guardians-of-the-galaxy-vol-3-2023-lead-in,lead_in; story; direct
reason-the-incredible-hulk-2008-avengers-age-of-ultron-2015-shared-entity-entity-x-50a34df778,the-incredible-hulk-2008,avengers-age-of-ultron-2015,shared_entity,entity-x-50a34df778,,
reason-the-incredible-hulk-2008-avengers-endgame-2019-shared-entity-entity-x-50a34df778,the-incredible-hulk-2008,avengers-endgame-2019,shared_entity,entity-x-50a34df778,,
reason-the-incredible-hulk-2008-avengers-infinity-war-2018-shared-entity-entity-x-50a34df778,the-incredible-hulk-2008,avengers-infinity-war-2018,shared_entity,entity-x-50a34df778,,
reason-the-incredible-hulk-2008-captain-america-brave-new-world-2025-explicit-relation-work-relation-the-incredible-hulk-2008-captain-america-brave-new-world-2025-story-link,the-incredible-hulk-2008,captain-america-brave-new-world-2025,explicit_relation,,work-relation-the-incredible-hulk-2008-captain-america-brave-new-world-2025-story-link,story_link; story; direct
reason-the-incredible-hulk-2008-she-hulk-attorney-at-law-2022-shared-entity-entity-x-50a34df778,the-incredible-hulk-2008,she-hulk-attorney-at-law-2022,shared_entity,entity-x-50a34df778,,
reason-the-incredible-hulk-2008-the-avengers-2012-explicit-relation-work-relation-the-incredible-hulk-2008-the-avengers-2012-crossover,the-incredible-hulk-2008,the-avengers-2012,explicit_relation,,work-relation-the-incredible-hulk-2008-the-avengers-2012-crossover,crossover; story; indirect
reason-the-incredible-hulk-2008-the-avengers-2012-shared-entity-entity-x-50a34df778,the-incredible-hulk-2008,the-avengers-2012,shared_entity,entity-x-50a34df778,,
reason-the-incredible-hulk-2008-the-consultant-2011-explicit-relation-work-relation-the-incredible-hulk-2008-the-consultant-2011-story-link,the-incredible-hulk-2008,the-consultant-2011,explicit_relation,,work-relation-the-incredible-hulk-2008-the-consultant-2011-story-link,story_link; story; direct
reason-the-incredible-hulk-2008-thor-ragnarok-2017-shared-entity-entity-x-50a34df778,the-incredible-hulk-2008,thor-ragnarok-2017,shared_entity,entity-x-50a34df778,,
reason-the-marvels-2023-avengers-doomsday-2026-12-18-explicit-relation-work-relation-the-marvels-2023-avengers-doomsday-2026-12-18-story-link,the-marvels-2023,avengers-doomsday-2026-12-18,explicit_relation,,work-relation-the-marvels-2023-avengers-doomsday-2026-12-18-story-link,story_link; story; indirect
reason-the-punisher-s1-2017-daredevil-born-again-s1-2025-shared-entity-entity-x-cacda9afb6,the-punisher-s1-2017,daredevil-born-again-s1-2025,shared_entity,entity-x-cacda9afb6,,
reason-the-punisher-s1-2017-the-punisher-one-last-kill-2026-05-12-shared-entity-entity-x-cacda9afb6,the-punisher-s1-2017,the-punisher-one-last-kill-2026-05-12,shared_entity,entity-x-cacda9afb6,,
reason-the-punisher-s1-2017-the-punisher-s2-2019-explicit-relation-work-relation-the-punisher-s1-2017-the-punisher-s2-2019-sequel,the-punisher-s1-2017,the-punisher-s2-2019,explicit_relation,,work-relation-the-punisher-s1-2017-the-punisher-s2-2019-sequel,sequel; story; direct
reason-the-punisher-s1-2017-the-punisher-s2-2019-shared-entity-entity-x-cacda9afb6,the-punisher-s1-2017,the-punisher-s2-2019,shared_entity,entity-x-cacda9afb6,,
reason-the-punisher-s2-2019-daredevil-born-again-s1-2025-shared-entity-entity-x-cacda9afb6,the-punisher-s2-2019,daredevil-born-again-s1-2025,shared_entity,entity-x-cacda9afb6,,
reason-the-punisher-s2-2019-the-punisher-one-last-kill-2026-05-12-shared-entity-entity-x-cacda9afb6,the-punisher-s2-2019,the-punisher-one-last-kill-2026-05-12,shared_entity,entity-x-cacda9afb6,,
reason-the-wolverine-2013-deadpool-wolverine-2024-shared-entity-entity-x-680db112c0,the-wolverine-2013,deadpool-wolverine-2024,shared_entity,entity-x-680db112c0,,
reason-the-wolverine-2013-logan-2017-explicit-relation-work-relation-the-wolverine-2013-logan-2017-sequel,the-wolverine-2013,logan-2017,explicit_relation,,work-relation-the-wolverine-2013-logan-2017-sequel,sequel; story; strong
reason-the-wolverine-2013-logan-2017-shared-entity-entity-x-680db112c0,the-wolverine-2013,logan-2017,shared_entity,entity-x-680db112c0,,
reason-the-wolverine-2013-x-men-days-of-future-past-2014-explicit-relation-work-relation-the-wolverine-2013-x-men-days-of-future-past-2014-lead-in,the-wolverine-2013,x-men-days-of-future-past-2014,explicit_relation,,work-relation-the-wolverine-2013-x-men-days-of-future-past-2014-lead-in,lead_in; story; direct
reason-the-wolverine-2013-x-men-days-of-future-past-2014-shared-entity-entity-x-680db112c0,the-wolverine-2013,x-men-days-of-future-past-2014,shared_entity,entity-x-680db112c0,,
reason-thor-2011-avengers-age-of-ultron-2015-shared-entity-entity-x-7250204b23,thor-2011,avengers-age-of-ultron-2015,shared_entity,entity-x-7250204b23,,
reason-thor-2011-avengers-doomsday-2026-12-18-shared-entity-entity-x-7250204b23,thor-2011,avengers-doomsday-2026-12-18,shared_entity,entity-x-7250204b23,,
reason-thor-2011-avengers-endgame-2019-shared-entity-entity-x-7250204b23,thor-2011,avengers-endgame-2019,shared_entity,entity-x-7250204b23,,
reason-thor-2011-avengers-infinity-war-2018-shared-entity-entity-x-55e230260e,thor-2011,avengers-infinity-war-2018,shared_entity,entity-x-55e230260e,,
reason-thor-2011-avengers-infinity-war-2018-shared-entity-entity-x-7250204b23,thor-2011,avengers-infinity-war-2018,shared_entity,entity-x-7250204b23,,
reason-thor-2011-loki-s1-2021-shared-entity-entity-x-55e230260e,thor-2011,loki-s1-2021,shared_entity,entity-x-55e230260e,,
reason-thor-2011-loki-s2-2023-shared-entity-entity-x-55e230260e,thor-2011,loki-s2-2023,shared_entity,entity-x-55e230260e,,
reason-thor-2011-the-avengers-2012-explicit-relation-work-relation-thor-2011-the-avengers-2012-crossover,thor-2011,the-avengers-2012,explicit_relation,,work-relation-thor-2011-the-avengers-2012-crossover,crossover; crossover; indirect
reason-thor-2011-the-avengers-2012-shared-entity-entity-x-55e230260e,thor-2011,the-avengers-2012,shared_entity,entity-x-55e230260e,,
reason-thor-2011-the-avengers-2012-shared-entity-entity-x-7250204b23,thor-2011,the-avengers-2012,shared_entity,entity-x-7250204b23,,
reason-thor-2011-thor-love-and-thunder-2022-shared-entity-entity-x-7250204b23,thor-2011,thor-love-and-thunder-2022,shared_entity,entity-x-7250204b23,,
reason-thor-2011-thor-ragnarok-2017-shared-entity-entity-x-55e230260e,thor-2011,thor-ragnarok-2017,shared_entity,entity-x-55e230260e,,
reason-thor-2011-thor-ragnarok-2017-shared-entity-entity-x-7250204b23,thor-2011,thor-ragnarok-2017,shared_entity,entity-x-7250204b23,,
reason-thor-2011-thor-the-dark-world-2013-explicit-relation-work-relation-thor-2011-thor-the-dark-world-2013-sequel,thor-2011,thor-the-dark-world-2013,explicit_relation,,work-relation-thor-2011-thor-the-dark-world-2013-sequel,sequel; story; direct
reason-thor-2011-thor-the-dark-world-2013-shared-entity-entity-x-55e230260e,thor-2011,thor-the-dark-world-2013,shared_entity,entity-x-55e230260e,,
reason-thor-2011-thor-the-dark-world-2013-shared-entity-entity-x-7250204b23,thor-2011,thor-the-dark-world-2013,shared_entity,entity-x-7250204b23,,
reason-thor-love-and-thunder-2022-avengers-doomsday-2026-12-18-shared-entity-entity-x-7250204b23,thor-love-and-thunder-2022,avengers-doomsday-2026-12-18,shared_entity,entity-x-7250204b23,,
reason-thor-ragnarok-2017-avengers-doomsday-2026-12-18-shared-entity-entity-x-7250204b23,thor-ragnarok-2017,avengers-doomsday-2026-12-18,shared_entity,entity-x-7250204b23,,
reason-thor-ragnarok-2017-avengers-endgame-2019-shared-entity-entity-x-50a34df778,thor-ragnarok-2017,avengers-endgame-2019,shared_entity,entity-x-50a34df778,,
reason-thor-ragnarok-2017-avengers-endgame-2019-shared-entity-entity-x-7250204b23,thor-ragnarok-2017,avengers-endgame-2019,shared_entity,entity-x-7250204b23,,
reason-thor-ragnarok-2017-avengers-infinity-war-2018-explicit-relation-work-relation-thor-ragnarok-2017-avengers-infinity-war-2018-crossover,thor-ragnarok-2017,avengers-infinity-war-2018,explicit_relation,,work-relation-thor-ragnarok-2017-avengers-infinity-war-2018-crossover,crossover; crossover; direct
reason-thor-ragnarok-2017-avengers-infinity-war-2018-shared-entity-entity-x-50a34df778,thor-ragnarok-2017,avengers-infinity-war-2018,shared_entity,entity-x-50a34df778,,
reason-thor-ragnarok-2017-avengers-infinity-war-2018-shared-entity-entity-x-55e230260e,thor-ragnarok-2017,avengers-infinity-war-2018,shared_entity,entity-x-55e230260e,,
reason-thor-ragnarok-2017-avengers-infinity-war-2018-shared-entity-entity-x-7250204b23,thor-ragnarok-2017,avengers-infinity-war-2018,shared_entity,entity-x-7250204b23,,
reason-thor-ragnarok-2017-loki-s1-2021-shared-entity-entity-x-55e230260e,thor-ragnarok-2017,loki-s1-2021,shared_entity,entity-x-55e230260e,,
reason-thor-ragnarok-2017-loki-s2-2023-shared-entity-entity-x-55e230260e,thor-ragnarok-2017,loki-s2-2023,shared_entity,entity-x-55e230260e,,
reason-thor-ragnarok-2017-she-hulk-attorney-at-law-2022-shared-entity-entity-x-50a34df778,thor-ragnarok-2017,she-hulk-attorney-at-law-2022,shared_entity,entity-x-50a34df778,,
reason-thor-ragnarok-2017-thor-love-and-thunder-2022-explicit-relation-work-relation-thor-ragnarok-2017-thor-love-and-thunder-2022-sequel,thor-ragnarok-2017,thor-love-and-thunder-2022,explicit_relation,,work-relation-thor-ragnarok-2017-thor-love-and-thunder-2022-sequel,sequel; story; direct
reason-thor-ragnarok-2017-thor-love-and-thunder-2022-shared-entity-entity-x-7250204b23,thor-ragnarok-2017,thor-love-and-thunder-2022,shared_entity,entity-x-7250204b23,,
reason-thor-the-dark-world-2013-agents-of-s-h-i-e-l-d-20132020-explicit-relation-work-relation-thor-the-dark-world-2013-agents-of-s-h-i-e-l-d-20132020-story-link,thor-the-dark-world-2013,agents-of-s-h-i-e-l-d-20132020,explicit_relation,,work-relation-thor-the-dark-world-2013-agents-of-s-h-i-e-l-d-20132020-story-link,story_link; story; indirect
reason-thor-the-dark-world-2013-avengers-age-of-ultron-2015-explicit-relation-work-relation-thor-the-dark-world-2013-avengers-age-of-ultron-2015-crossover,thor-the-dark-world-2013,avengers-age-of-ultron-2015,explicit_relation,,work-relation-thor-the-dark-world-2013-avengers-age-of-ultron-2015-crossover,crossover; crossover; indirect
reason-thor-the-dark-world-2013-avengers-age-of-ultron-2015-shared-entity-entity-x-7250204b23,thor-the-dark-world-2013,avengers-age-of-ultron-2015,shared_entity,entity-x-7250204b23,,
reason-thor-the-dark-world-2013-avengers-doomsday-2026-12-18-shared-entity-entity-x-7250204b23,thor-the-dark-world-2013,avengers-doomsday-2026-12-18,shared_entity,entity-x-7250204b23,,
reason-thor-the-dark-world-2013-avengers-endgame-2019-shared-entity-entity-x-7250204b23,thor-the-dark-world-2013,avengers-endgame-2019,shared_entity,entity-x-7250204b23,,
reason-thor-the-dark-world-2013-avengers-infinity-war-2018-shared-entity-entity-x-55e230260e,thor-the-dark-world-2013,avengers-infinity-war-2018,shared_entity,entity-x-55e230260e,,
reason-thor-the-dark-world-2013-avengers-infinity-war-2018-shared-entity-entity-x-7250204b23,thor-the-dark-world-2013,avengers-infinity-war-2018,shared_entity,entity-x-7250204b23,,
reason-thor-the-dark-world-2013-guardians-of-the-galaxy-2014-explicit-relation-work-relation-thor-the-dark-world-2013-guardians-of-the-galaxy-2014-story-link,thor-the-dark-world-2013,guardians-of-the-galaxy-2014,explicit_relation,,work-relation-thor-the-dark-world-2013-guardians-of-the-galaxy-2014-story-link,story_link; story; indirect
reason-thor-the-dark-world-2013-loki-s1-2021-shared-entity-entity-x-55e230260e,thor-the-dark-world-2013,loki-s1-2021,shared_entity,entity-x-55e230260e,,
reason-thor-the-dark-world-2013-loki-s2-2023-shared-entity-entity-x-55e230260e,thor-the-dark-world-2013,loki-s2-2023,shared_entity,entity-x-55e230260e,,
reason-thor-the-dark-world-2013-thor-love-and-thunder-2022-shared-entity-entity-x-7250204b23,thor-the-dark-world-2013,thor-love-and-thunder-2022,shared_entity,entity-x-7250204b23,,
reason-thor-the-dark-world-2013-thor-ragnarok-2017-explicit-relation-work-relation-thor-the-dark-world-2013-thor-ragnarok-2017-sequel,thor-the-dark-world-2013,thor-ragnarok-2017,explicit_relation,,work-relation-thor-the-dark-world-2013-thor-ragnarok-2017-sequel,sequel; story; direct
reason-thor-the-dark-world-2013-thor-ragnarok-2017-shared-entity-entity-x-55e230260e,thor-the-dark-world-2013,thor-ragnarok-2017,shared_entity,entity-x-55e230260e,,
reason-thor-the-dark-world-2013-thor-ragnarok-2017-shared-entity-entity-x-7250204b23,thor-the-dark-world-2013,thor-ragnarok-2017,shared_entity,entity-x-7250204b23,,
reason-thunderbolts-new-avengers-2025-avengers-doomsday-2026-12-18-explicit-relation-work-relation-thunderbolts-new-avengers-2025-avengers-doomsday-2026-12-18-lead-in,thunderbolts-new-avengers-2025,avengers-doomsday-2026-12-18,explicit_relation,,work-relation-thunderbolts-new-avengers-2025-avengers-doomsday-2026-12-18-lead-in,lead_in; story; strong
reason-venom-2018-venom-let-there-be-carnage-2021-explicit-relation-work-relation-venom-2018-venom-let-there-be-carnage-2021-sequel,venom-2018,venom-let-there-be-carnage-2021,explicit_relation,,work-relation-venom-2018-venom-let-there-be-carnage-2021-sequel,sequel; story; direct
reason-venom-let-there-be-carnage-2021-spider-man-no-way-home-2021-explicit-relation-work-relation-venom-let-there-be-carnage-2021-spider-man-no-way-home-2021-crossover,venom-let-there-be-carnage-2021,spider-man-no-way-home-2021,explicit_relation,,work-relation-venom-let-there-be-carnage-2021-spider-man-no-way-home-2021-crossover,crossover; crossover; indirect
reason-venom-let-there-be-carnage-2021-venom-the-last-dance-2024-explicit-relation-work-relation-venom-let-there-be-carnage-2021-venom-the-last-dance-2024-story-link,venom-let-there-be-carnage-2021,venom-the-last-dance-2024,explicit_relation,,work-relation-venom-let-there-be-carnage-2021-venom-the-last-dance-2024-story-link,story_link; story; direct
reason-wandavision-2021-agatha-all-along-2024-explicit-relation-work-relation-wandavision-2021-agatha-all-along-2024-spinoff,wandavision-2021,agatha-all-along-2024,explicit_relation,,work-relation-wandavision-2021-agatha-all-along-2024-spinoff,spinoff; story; strong
reason-wandavision-2021-agatha-all-along-2024-shared-entity-entity-x-de5650abae,wandavision-2021,agatha-all-along-2024,shared_entity,entity-x-de5650abae,,
reason-wandavision-2021-doctor-strange-in-the-multiverse-of-madness-2022-explicit-relation-work-relation-wandavision-2021-doctor-strange-in-the-multiverse-of-madness-2022-story-link,wandavision-2021,doctor-strange-in-the-multiverse-of-madness-2022,explicit_relation,,work-relation-wandavision-2021-doctor-strange-in-the-multiverse-of-madness-2022-story-link,story_link; story; indirect
reason-wandavision-2021-doctor-strange-in-the-multiverse-of-madness-2022-shared-entity-entity-x-42251c0735,wandavision-2021,doctor-strange-in-the-multiverse-of-madness-2022,shared_entity,entity-x-42251c0735,,
reason-wandavision-2021-the-marvels-2023-shared-entity-entity-x-06c4fa169e,wandavision-2021,the-marvels-2023,shared_entity,entity-x-06c4fa169e,,
reason-wandavision-2021-visionquest-2026-10-14-explicit-relation-work-relation-wandavision-2021-visionquest-2026-10-14-sequel,wandavision-2021,visionquest-2026-10-14,explicit_relation,,work-relation-wandavision-2021-visionquest-2026-10-14-sequel,sequel; story; strong
reason-wandavision-2021-visionquest-2026-10-14-shared-entity-entity-x-5d8d873f91,wandavision-2021,visionquest-2026-10-14,shared_entity,entity-x-5d8d873f91,,
reason-what-if-s1-2021-marvel-zombies-s1-2025-explicit-relation-work-relation-what-if-s1-2021-marvel-zombies-s1-2025-spinoff,what-if-s1-2021,marvel-zombies-s1-2025,explicit_relation,,work-relation-what-if-s1-2021-marvel-zombies-s1-2025-spinoff,spinoff; story; strong
reason-what-if-s1-2021-what-if-s2-2023-explicit-relation-work-relation-what-if-s1-2021-what-if-s2-2023-sequel,what-if-s1-2021,what-if-s2-2023,explicit_relation,,work-relation-what-if-s1-2021-what-if-s2-2023-sequel,sequel; story; strong
reason-what-if-s2-2023-what-if-s3-2024-explicit-relation-work-relation-what-if-s2-2023-what-if-s3-2024-sequel,what-if-s2-2023,what-if-s3-2024,explicit_relation,,work-relation-what-if-s2-2023-what-if-s3-2024-sequel,sequel; story; strong
reason-x-men-2000-deadpool-wolverine-2024-shared-entity-entity-x-680db112c0,x-men-2000,deadpool-wolverine-2024,shared_entity,entity-x-680db112c0,,
reason-x-men-2000-logan-2017-shared-entity-entity-x-680db112c0,x-men-2000,logan-2017,shared_entity,entity-x-680db112c0,,
reason-x-men-2000-the-wolverine-2013-shared-entity-entity-x-680db112c0,x-men-2000,the-wolverine-2013,shared_entity,entity-x-680db112c0,,
reason-x-men-2000-x-men-days-of-future-past-2014-shared-entity-entity-x-680db112c0,x-men-2000,x-men-days-of-future-past-2014,shared_entity,entity-x-680db112c0,,
reason-x-men-2000-x-men-origins-wolverine-2009-shared-entity-entity-x-680db112c0,x-men-2000,x-men-origins-wolverine-2009,shared_entity,entity-x-680db112c0,,
reason-x-men-2000-x-men-the-last-stand-2006-shared-entity-entity-x-680db112c0,x-men-2000,x-men-the-last-stand-2006,shared_entity,entity-x-680db112c0,,
reason-x-men-2000-x2-x-men-united-2003-explicit-relation-work-relation-x-men-2000-x2-x-men-united-2003-sequel,x-men-2000,x2-x-men-united-2003,explicit_relation,,work-relation-x-men-2000-x2-x-men-united-2003-sequel,sequel; story; direct
reason-x-men-2000-x2-x-men-united-2003-shared-entity-entity-x-680db112c0,x-men-2000,x2-x-men-united-2003,shared_entity,entity-x-680db112c0,,
reason-x-men-97-s1-2024-x-men-97-s2-2026-07-01-explicit-relation-work-relation-x-men-97-s1-2024-x-men-97-s2-2026-07-01-sequel,x-men-97-s1-2024,x-men-97-s2-2026-07-01,explicit_relation,,work-relation-x-men-97-s1-2024-x-men-97-s2-2026-07-01-sequel,sequel; story; direct
reason-x-men-apocalypse-2016-dark-phoenix-2019-explicit-relation-work-relation-x-men-apocalypse-2016-dark-phoenix-2019-sequel,x-men-apocalypse-2016,dark-phoenix-2019,explicit_relation,,work-relation-x-men-apocalypse-2016-dark-phoenix-2019-sequel,sequel; story; strong
reason-x-men-days-of-future-past-2014-deadpool-wolverine-2024-shared-entity-entity-x-680db112c0,x-men-days-of-future-past-2014,deadpool-wolverine-2024,shared_entity,entity-x-680db112c0,,
reason-x-men-days-of-future-past-2014-logan-2017-shared-entity-entity-x-680db112c0,x-men-days-of-future-past-2014,logan-2017,shared_entity,entity-x-680db112c0,,
reason-x-men-days-of-future-past-2014-x-men-apocalypse-2016-explicit-relation-work-relation-x-men-days-of-future-past-2014-x-men-apocalypse-2016-sequel,x-men-days-of-future-past-2014,x-men-apocalypse-2016,explicit_relation,,work-relation-x-men-days-of-future-past-2014-x-men-apocalypse-2016-sequel,sequel; story; strong
reason-x-men-first-class-2011-x-men-days-of-future-past-2014-explicit-relation-work-relation-x-men-first-class-2011-x-men-days-of-future-past-2014-crossover,x-men-first-class-2011,x-men-days-of-future-past-2014,explicit_relation,,work-relation-x-men-first-class-2011-x-men-days-of-future-past-2014-crossover,crossover; crossover; strong
reason-x-men-origins-wolverine-2009-deadpool-wolverine-2024-shared-entity-entity-x-680db112c0,x-men-origins-wolverine-2009,deadpool-wolverine-2024,shared_entity,entity-x-680db112c0,,
reason-x-men-origins-wolverine-2009-logan-2017-shared-entity-entity-x-680db112c0,x-men-origins-wolverine-2009,logan-2017,shared_entity,entity-x-680db112c0,,
reason-x-men-origins-wolverine-2009-the-wolverine-2013-explicit-relation-work-relation-x-men-origins-wolverine-2009-the-wolverine-2013-sequel,x-men-origins-wolverine-2009,the-wolverine-2013,explicit_relation,,work-relation-x-men-origins-wolverine-2009-the-wolverine-2013-sequel,sequel; story; strong
reason-x-men-origins-wolverine-2009-the-wolverine-2013-shared-entity-entity-x-680db112c0,x-men-origins-wolverine-2009,the-wolverine-2013,shared_entity,entity-x-680db112c0,,
reason-x-men-origins-wolverine-2009-x-men-days-of-future-past-2014-shared-entity-entity-x-680db112c0,x-men-origins-wolverine-2009,x-men-days-of-future-past-2014,shared_entity,entity-x-680db112c0,,
reason-x-men-the-animated-series-19921997-x-men-97-s1-2024-explicit-relation-work-relation-x-men-the-animated-series-19921997-x-men-97-s1-2024-sequel,x-men-the-animated-series-19921997,x-men-97-s1-2024,explicit_relation,,work-relation-x-men-the-animated-series-19921997-x-men-97-s1-2024-sequel,sequel; story; direct
reason-x-men-the-last-stand-2006-deadpool-wolverine-2024-shared-entity-entity-x-680db112c0,x-men-the-last-stand-2006,deadpool-wolverine-2024,shared_entity,entity-x-680db112c0,,
reason-x-men-the-last-stand-2006-logan-2017-shared-entity-entity-x-680db112c0,x-men-the-last-stand-2006,logan-2017,shared_entity,entity-x-680db112c0,,
reason-x-men-the-last-stand-2006-the-wolverine-2013-explicit-relation-work-relation-x-men-the-last-stand-2006-the-wolverine-2013-aftermath,x-men-the-last-stand-2006,the-wolverine-2013,explicit_relation,,work-relation-x-men-the-last-stand-2006-the-wolverine-2013-aftermath,aftermath; story; direct
reason-x-men-the-last-stand-2006-the-wolverine-2013-shared-entity-entity-x-680db112c0,x-men-the-last-stand-2006,the-wolverine-2013,shared_entity,entity-x-680db112c0,,
reason-x-men-the-last-stand-2006-x-men-days-of-future-past-2014-explicit-relation-work-relation-x-men-the-last-stand-2006-x-men-days-of-future-past-2014-story-link,x-men-the-last-stand-2006,x-men-days-of-future-past-2014,explicit_relation,,work-relation-x-men-the-last-stand-2006-x-men-days-of-future-past-2014-story-link,story_link; story; indirect
reason-x-men-the-last-stand-2006-x-men-days-of-future-past-2014-shared-entity-entity-x-680db112c0,x-men-the-last-stand-2006,x-men-days-of-future-past-2014,shared_entity,entity-x-680db112c0,,
reason-x-men-the-last-stand-2006-x-men-origins-wolverine-2009-shared-entity-entity-x-680db112c0,x-men-the-last-stand-2006,x-men-origins-wolverine-2009,shared_entity,entity-x-680db112c0,,
reason-x2-x-men-united-2003-deadpool-wolverine-2024-shared-entity-entity-x-680db112c0,x2-x-men-united-2003,deadpool-wolverine-2024,shared_entity,entity-x-680db112c0,,
reason-x2-x-men-united-2003-logan-2017-shared-entity-entity-x-680db112c0,x2-x-men-united-2003,logan-2017,shared_entity,entity-x-680db112c0,,
reason-x2-x-men-united-2003-the-wolverine-2013-shared-entity-entity-x-680db112c0,x2-x-men-united-2003,the-wolverine-2013,shared_entity,entity-x-680db112c0,,
reason-x2-x-men-united-2003-x-men-days-of-future-past-2014-shared-entity-entity-x-680db112c0,x2-x-men-united-2003,x-men-days-of-future-past-2014,shared_entity,entity-x-680db112c0,,
reason-x2-x-men-united-2003-x-men-origins-wolverine-2009-shared-entity-entity-x-680db112c0,x2-x-men-united-2003,x-men-origins-wolverine-2009,shared_entity,entity-x-680db112c0,,
reason-x2-x-men-united-2003-x-men-the-last-stand-2006-explicit-relation-work-relation-x2-x-men-united-2003-x-men-the-last-stand-2006-sequel,x2-x-men-united-2003,x-men-the-last-stand-2006,explicit_relation,,work-relation-x2-x-men-united-2003-x-men-the-last-stand-2006-sequel,sequel; story; direct
reason-x2-x-men-united-2003-x-men-the-last-stand-2006-shared-entity-entity-x-680db112c0,x2-x-men-united-2003,x-men-the-last-stand-2006,shared_entity,entity-x-680db112c0,,
reason-your-friendly-neighborhood-spider-man-s1-2025-your-friendly-neighborhood-spider-man-s2-2026-explicit-relation-work-relation-your-friendly-neighborhood-spider-man-s1-2025-your-friendly-neighborhood-spider-man-s2-2026-sequel,your-friendly-neighborhood-spider-man-s1-2025,your-friendly-neighborhood-spider-man-s2-2026,explicit_relation,,work-relation-your-friendly-neighborhood-spider-man-s1-2025-your-friendly-neighborhood-spider-man-s2-2026-sequel,sequel; story; direct
