edge_id,source_id,source_title_ja,target_id,target_title_ja,type_ja,type_en,strength,render_class,importance,importance_ja,importance_note,reason,audit_status,audit_basis,audit_source_url,last_verified,management_notes,audit_confidence,audit_source_kind,relation_scope,directness,continuity_scope,render_relation_map,render_chronology,render_prewatch,evidence_level,proxy_note,relation_kind,prewatch_tier,prewatch_reason,prewatch_basis,prewatch_review_status,prewatch_last_reviewed
iron-man-2008 -> iron-man-2-2010,iron-man-2008,アイアンマン,iron-man-2-2010,アイアンマン2,直接の続編,direct sequel,very strong,solid_thick,core,中核,同系列・直接続編・直接的な物語前提など、選択作品の本筋として再帰的に辿る接続。,Same lead/team continuity or explicit sequel/crossover progression.,structure-reviewed,IDs・重複・自己ループ・方向グラフ整合を監査。外部根拠は必要な接続のみ別途確認。,,2026-08-26,,high,internal-structure,story,direct,same_or_intended,true,true,true,legacy-structured,,sequel,minimum,本筋・直接続編・強い前提として、最低限プランで再帰的に辿る。,legacy-importance-reviewed,reviewed-v4,2026-08-26
iron-man-2-2010 -> the-avengers-2012,iron-man-2-2010,アイアンマン2,the-avengers-2012,アベンジャーズ,チーム合流／クロスオーバー,team crossover / convergence,strong,solid,recommended,推奨,理解を助ける重要なクロスオーバー／人物・イベント継続。選択作品へ直接1段だけ付加し、ここからは再帰伝播しない。,Same lead/team continuity or explicit sequel/crossover progression.,structure-reviewed,IDs・重複・自己ループ・方向グラフ整合を監査。外部根拠は必要な接続のみ別途確認。,,2026-08-26,,medium,internal-structure,crossover,indirect,same_or_intended,true,false,true,legacy-structured,,crossover,recommended,理解や人物関係を大きく補強するため、おすすめプランで追加する。,legacy-importance-reviewed,reviewed-v4,2026-08-26
the-avengers-2012 -> avengers-age-of-ultron-2015,the-avengers-2012,アベンジャーズ,avengers-age-of-ultron-2015,アベンジャーズ／エイジ・オブ・ウルトロン,アベンジャーズ直系の続編,direct Avengers sequel,very strong,solid_thick,core,中核,同系列・直接続編・直接的な物語前提など、選択作品の本筋として再帰的に辿る接続。,Same lead/team continuity or explicit sequel/crossover progression.,structure-reviewed,IDs・重複・自己ループ・方向グラフ整合を監査。外部根拠は必要な接続のみ別途確認。,,2026-08-26,,medium,internal-structure,story,direct,same_or_intended,true,true,true,legacy-structured,,sequel,minimum,本筋・直接続編・強い前提として、最低限プランで再帰的に辿る。,legacy-importance-reviewed,reviewed-v4,2026-08-26
avengers-age-of-ultron-2015 -> captain-america-civil-war-2016,avengers-age-of-ultron-2015,アベンジャーズ／エイジ・オブ・ウルトロン,captain-america-civil-war-2016,シビル・ウォー／キャプテン・アメリカ,アベンジャーズの余波／政治的後日談,Avengers fallout / political aftermath,strong,solid,recommended,推奨,理解を助ける重要なクロスオーバー／人物・イベント継続。選択作品へ直接1段だけ付加し、ここからは再帰伝播しない。,Same lead/team continuity or explicit sequel/crossover progression.,structure-reviewed,IDs・重複・自己ループ・方向グラフ整合を監査。外部根拠は必要な接続のみ別途確認。,,2026-08-26,,medium,internal-structure,story,indirect,same_or_intended,true,false,true,legacy-structured,,aftermath,recommended,理解や人物関係を大きく補強するため、おすすめプランで追加する。,legacy-importance-reviewed,reviewed-v4,2026-08-26
captain-america-civil-war-2016 -> avengers-infinity-war-2018,captain-america-civil-war-2016,シビル・ウォー／キャプテン・アメリカ,avengers-infinity-war-2018,アベンジャーズ／インフィニティ・ウォー,アベンジャーズの状態を引き継ぐ,Avengers-status continuation,strong,solid,recommended,推奨,理解を助ける重要なクロスオーバー／人物・イベント継続。選択作品へ直接1段だけ付加し、ここからは再帰伝播しない。,Same lead/team continuity or explicit sequel/crossover progression.,structure-reviewed,IDs・重複・自己ループ・方向グラフ整合を監査。外部根拠は必要な接続のみ別途確認。,,2026-08-26,,medium,internal-structure,crossover,indirect,same_or_intended,true,false,true,legacy-structured,,crossover,recommended,理解や人物関係を大きく補強するため、おすすめプランで追加する。,legacy-importance-reviewed,reviewed-v4,2026-08-26
avengers-infinity-war-2018 -> avengers-endgame-2019,avengers-infinity-war-2018,アベンジャーズ／インフィニティ・ウォー,avengers-endgame-2019,アベンジャーズ／エンドゲーム,イベント直系の続編,direct event sequel,very strong,solid_thick,core,中核,同系列・直接続編・直接的な物語前提など、選択作品の本筋として再帰的に辿る接続。,Same lead/team continuity or explicit sequel/crossover progression.,structure-reviewed,IDs・重複・自己ループ・方向グラフ整合を監査。外部根拠は必要な接続のみ別途確認。,,2026-08-26,,medium,internal-structure,story,direct,same_or_intended,true,true,true,legacy-structured,,sequel,minimum,本筋・直接続編・強い前提として、最低限プランで再帰的に辿る。,legacy-importance-reviewed,reviewed-v4,2026-08-26
captain-america-the-first-avenger-2011 -> the-avengers-2012,captain-america-the-first-avenger-2011,キャプテン・アメリカ／ザ・ファースト・アベンジャー,the-avengers-2012,アベンジャーズ,キャラクター／チームのクロスオーバー,character/team crossover,strong,solid,recommended,推奨,理解を助ける重要なクロスオーバー／人物・イベント継続。選択作品へ直接1段だけ付加し、ここからは再帰伝播しない。,Same lead/team continuity or explicit sequel/crossover progression.,structure-reviewed,IDs・重複・自己ループ・方向グラフ整合を監査。外部根拠は必要な接続のみ別途確認。,,2026-08-26,,medium,internal-structure,crossover,indirect,same_or_intended,true,false,true,legacy-structured,,crossover,recommended,理解や人物関係を大きく補強するため、おすすめプランで追加する。,legacy-importance-reviewed,reviewed-v4,2026-08-26
the-avengers-2012 -> captain-america-the-winter-soldier-2014,the-avengers-2012,アベンジャーズ,captain-america-the-winter-soldier-2014,キャプテン・アメリカ／ウィンター・ソルジャー,キャラクター／S.H.I.E.L.D.継続,character/SHIELD continuation,strong,solid,recommended,推奨,理解を助ける重要なクロスオーバー／人物・イベント継続。選択作品へ直接1段だけ付加し、ここからは再帰伝播しない。,Same lead/team continuity or explicit sequel/crossover progression.,structure-reviewed,IDs・重複・自己ループ・方向グラフ整合を監査。外部根拠は必要な接続のみ別途確認。,,2026-08-26,,medium,internal-structure,crossover,indirect,same_or_intended,true,false,true,legacy-structured,,world_lore,recommended,理解や人物関係を大きく補強するため、おすすめプランで追加する。,legacy-importance-reviewed,reviewed-v4,2026-08-26
captain-america-the-winter-soldier-2014 -> avengers-age-of-ultron-2015,captain-america-the-winter-soldier-2014,キャプテン・アメリカ／ウィンター・ソルジャー,avengers-age-of-ultron-2015,アベンジャーズ／エイジ・オブ・ウルトロン,チーム・クロスオーバー,team crossover,strong,solid,recommended,推奨,理解を助ける重要なクロスオーバー／人物・イベント継続。選択作品へ直接1段だけ付加し、ここからは再帰伝播しない。,Same lead/team continuity or explicit sequel/crossover progression.,structure-reviewed,IDs・重複・自己ループ・方向グラフ整合を監査。外部根拠は必要な接続のみ別途確認。,,2026-08-26,,medium,internal-structure,crossover,indirect,same_or_intended,true,false,true,legacy-structured,,crossover,recommended,理解や人物関係を大きく補強するため、おすすめプランで追加する。,legacy-importance-reviewed,reviewed-v4,2026-08-26
thor-2011 -> the-avengers-2012,thor-2011,マイティ・ソー,the-avengers-2012,アベンジャーズ,キャラクター／チームのクロスオーバー,character/team crossover,strong,solid,recommended,推奨,理解を助ける重要なクロスオーバー／人物・イベント継続。選択作品へ直接1段だけ付加し、ここからは再帰伝播しない。,Same lead/team continuity or explicit sequel/crossover progression.,structure-reviewed,IDs・重複・自己ループ・方向グラフ整合を監査。外部根拠は必要な接続のみ別途確認。,,2026-08-26,,medium,internal-structure,crossover,indirect,same_or_intended,true,false,true,legacy-structured,,crossover,recommended,理解や人物関係を大きく補強するため、おすすめプランで追加する。,legacy-importance-reviewed,reviewed-v4,2026-08-26
the-avengers-2012 -> thor-the-dark-world-2013,the-avengers-2012,アベンジャーズ,thor-the-dark-world-2013,マイティ・ソー／ダーク・ワールド,キャラクター継続,character continuation,medium,dashed,recommended,推奨,理解を助ける重要なクロスオーバー／人物・イベント継続。選択作品へ直接1段だけ付加し、ここからは再帰伝播しない。,Same lead/team continuity or explicit sequel/crossover progression.,structure-reviewed,IDs・重複・自己ループ・方向グラフ整合を監査。外部根拠は必要な接続のみ別途確認。,,2026-08-26,,medium,internal-structure,crossover,indirect,same_or_intended,true,false,true,legacy-structured,,character_continuity,recommended,理解や人物関係を大きく補強するため、おすすめプランで追加する。,legacy-importance-reviewed,reviewed-v4,2026-08-26
thor-the-dark-world-2013 -> avengers-age-of-ultron-2015,thor-the-dark-world-2013,マイティ・ソー／ダーク・ワールド,avengers-age-of-ultron-2015,アベンジャーズ／エイジ・オブ・ウルトロン,チーム・クロスオーバー,team crossover,medium,dashed,recommended,推奨,理解を助ける重要なクロスオーバー／人物・イベント継続。選択作品へ直接1段だけ付加し、ここからは再帰伝播しない。,Same lead/team continuity or explicit sequel/crossover progression.,structure-reviewed,IDs・重複・自己ループ・方向グラフ整合を監査。外部根拠は必要な接続のみ別途確認。,,2026-08-26,,medium,internal-structure,crossover,indirect,same_or_intended,true,false,true,legacy-structured,,crossover,recommended,理解や人物関係を大きく補強するため、おすすめプランで追加する。,legacy-importance-reviewed,reviewed-v4,2026-08-26
avengers-age-of-ultron-2015 -> thor-ragnarok-2017,avengers-age-of-ultron-2015,アベンジャーズ／エイジ・オブ・ウルトロン,thor-ragnarok-2017,マイティ・ソー バトルロイヤル,キャラクター継続,character continuation,medium,dashed,recommended,推奨,理解を助ける重要なクロスオーバー／人物・イベント継続。選択作品へ直接1段だけ付加し、ここからは再帰伝播しない。,Same lead/team continuity or explicit sequel/crossover progression.,structure-reviewed,IDs・重複・自己ループ・方向グラフ整合を監査。外部根拠は必要な接続のみ別途確認。,,2026-08-26,,medium,internal-structure,crossover,indirect,same_or_intended,true,false,true,legacy-structured,,character_continuity,recommended,理解や人物関係を大きく補強するため、おすすめプランで追加する。,legacy-importance-reviewed,reviewed-v4,2026-08-26
thor-ragnarok-2017 -> avengers-infinity-war-2018,thor-ragnarok-2017,マイティ・ソー バトルロイヤル,avengers-infinity-war-2018,アベンジャーズ／インフィニティ・ウォー,直結する引き継ぎ,explicit immediate handoff,very strong,solid_thick,recommended,推奨,理解を助ける重要なクロスオーバー／人物・イベント継続。選択作品へ直接1段だけ付加し、ここからは再帰伝播しない。,Same lead/team continuity or explicit sequel/crossover progression.,structure-reviewed,IDs・重複・自己ループ・方向グラフ整合を監査。外部根拠は必要な接続のみ別途確認。,,2026-08-26,,medium,internal-structure,crossover,direct,same_or_intended,true,true,true,legacy-structured,,crossover,recommended,理解や人物関係を大きく補強するため、おすすめプランで追加する。,legacy-importance-reviewed,reviewed-v4,2026-08-26
avengers-endgame-2019 -> thor-love-and-thunder-2022,avengers-endgame-2019,アベンジャーズ／エンドゲーム,thor-love-and-thunder-2022,ソー：ラブ＆サンダー,キャラクター継続,character continuation,strong,solid,recommended,推奨,理解を助ける重要なクロスオーバー／人物・イベント継続。選択作品へ直接1段だけ付加し、ここからは再帰伝播しない。,Same lead/team continuity or explicit sequel/crossover progression.,structure-reviewed,IDs・重複・自己ループ・方向グラフ整合を監査。外部根拠は必要な接続のみ別途確認。,,2026-08-26,,medium,internal-structure,crossover,indirect,same_or_intended,true,false,true,legacy-structured,,character_continuity,recommended,理解や人物関係を大きく補強するため、おすすめプランで追加する。,legacy-importance-reviewed,reviewed-v4,2026-08-26
guardians-of-the-galaxy-2014 -> guardians-of-the-galaxy-vol-2-2017,guardians-of-the-galaxy-2014,ガーディアンズ・オブ・ギャラクシー,guardians-of-the-galaxy-vol-2-2017,ガーディアンズ・オブ・ギャラクシー：リミックス,直接の続編,direct sequel,very strong,solid_thick,core,中核,同系列・直接続編・直接的な物語前提など、選択作品の本筋として再帰的に辿る接続。,Same lead/team continuity or explicit sequel/crossover progression.,structure-reviewed,IDs・重複・自己ループ・方向グラフ整合を監査。外部根拠は必要な接続のみ別途確認。,,2026-08-26,,high,internal-structure,story,direct,same_or_intended,true,true,true,legacy-structured,,sequel,minimum,本筋・直接続編・強い前提として、最低限プランで再帰的に辿る。,legacy-importance-reviewed,reviewed-v4,2026-08-26
guardians-of-the-galaxy-vol-2-2017 -> avengers-infinity-war-2018,guardians-of-the-galaxy-vol-2-2017,ガーディアンズ・オブ・ギャラクシー：リミックス,avengers-infinity-war-2018,アベンジャーズ／インフィニティ・ウォー,チーム・クロスオーバー,team crossover,strong,solid,recommended,推奨,理解を助ける重要なクロスオーバー／人物・イベント継続。選択作品へ直接1段だけ付加し、ここからは再帰伝播しない。,Same lead/team continuity or explicit sequel/crossover progression.,structure-reviewed,IDs・重複・自己ループ・方向グラフ整合を監査。外部根拠は必要な接続のみ別途確認。,,2026-08-26,,medium,internal-structure,crossover,indirect,same_or_intended,true,false,true,legacy-structured,,crossover,recommended,理解や人物関係を大きく補強するため、おすすめプランで追加する。,legacy-importance-reviewed,reviewed-v4,2026-08-26
avengers-endgame-2019 -> the-guardians-of-the-galaxy-holiday-special-2022,avengers-endgame-2019,アベンジャーズ／エンドゲーム,the-guardians-of-the-galaxy-holiday-special-2022,ガーディアンズ・オブ・ギャラクシー ホリデー・スペシャル,チーム／キャラクター継続,team/character continuation,medium,dashed,recommended,推奨,理解を助ける重要なクロスオーバー／人物・イベント継続。選択作品へ直接1段だけ付加し、ここからは再帰伝播しない。,Same lead/team continuity or explicit sequel/crossover progression.,structure-reviewed,IDs・重複・自己ループ・方向グラフ整合を監査。外部根拠は必要な接続のみ別途確認。,,2026-08-26,,medium,internal-structure,crossover,indirect,same_or_intended,true,false,true,legacy-structured,,character_continuity,recommended,理解や人物関係を大きく補強するため、おすすめプランで追加する。,legacy-importance-reviewed,reviewed-v4,2026-08-26
the-guardians-of-the-galaxy-holiday-special-2022 -> guardians-of-the-galaxy-vol-3-2023,the-guardians-of-the-galaxy-holiday-special-2022,ガーディアンズ・オブ・ギャラクシー ホリデー・スペシャル,guardians-of-the-galaxy-vol-3-2023,ガーディアンズ・オブ・ギャラクシー：VOLUME 3,direct lead-in,direct lead-in,very strong,solid_thick,core,中核,同系列・直接続編・直接的な物語前提など、選択作品の本筋として再帰的に辿る接続。,Same lead/team continuity or explicit sequel/crossover progression.,structure-reviewed,IDs・重複・自己ループ・方向グラフ整合を監査。外部根拠は必要な接続のみ別途確認。,,2026-08-26,,medium,internal-structure,story,direct,same_or_intended,true,true,true,legacy-structured,,lead_in,minimum,本筋・直接続編・強い前提として、最低限プランで再帰的に辿る。,legacy-importance-reviewed,reviewed-v4,2026-08-26
ant-man-2015 -> captain-america-civil-war-2016,ant-man-2015,アントマン,captain-america-civil-war-2016,シビル・ウォー／キャプテン・アメリカ,キャラクター／チームのクロスオーバー,character/team crossover,strong,solid,recommended,推奨,理解を助ける重要なクロスオーバー／人物・イベント継続。選択作品へ直接1段だけ付加し、ここからは再帰伝播しない。,Same lead/team continuity or explicit sequel/crossover progression.,structure-reviewed,IDs・重複・自己ループ・方向グラフ整合を監査。外部根拠は必要な接続のみ別途確認。,,2026-08-26,,medium,internal-structure,crossover,indirect,same_or_intended,true,false,true,legacy-structured,,crossover,recommended,理解や人物関係を大きく補強するため、おすすめプランで追加する。,legacy-importance-reviewed,reviewed-v4,2026-08-26
captain-america-civil-war-2016 -> ant-man-and-the-wasp-2018,captain-america-civil-war-2016,シビル・ウォー／キャプテン・アメリカ,ant-man-and-the-wasp-2018,アントマン＆ワスプ,物語上の余波,plot aftermath,strong,solid,recommended,推奨,理解を助ける重要なクロスオーバー／人物・イベント継続。選択作品へ直接1段だけ付加し、ここからは再帰伝播しない。,Same lead/team continuity or explicit sequel/crossover progression.,structure-reviewed,IDs・重複・自己ループ・方向グラフ整合を監査。外部根拠は必要な接続のみ別途確認。,,2026-08-26,,medium,internal-structure,story,indirect,same_or_intended,true,false,true,legacy-structured,,aftermath,recommended,理解や人物関係を大きく補強するため、おすすめプランで追加する。,legacy-importance-reviewed,reviewed-v4,2026-08-26
ant-man-and-the-wasp-2018 -> avengers-endgame-2019,ant-man-and-the-wasp-2018,アントマン＆ワスプ,avengers-endgame-2019,アベンジャーズ／エンドゲーム,量子世界による物語接続,quantum-realm plot bridge,very strong,solid_thick,recommended,推奨,理解を助ける重要なクロスオーバー／人物・イベント継続。選択作品へ直接1段だけ付加し、ここからは再帰伝播しない。,Same lead/team continuity or explicit sequel/crossover progression.,structure-reviewed,IDs・重複・自己ループ・方向グラフ整合を監査。外部根拠は必要な接続のみ別途確認。,,2026-08-26,,medium,internal-structure,story,direct,same_or_intended,true,true,true,legacy-structured,,lead_in,recommended,理解や人物関係を大きく補強するため、おすすめプランで追加する。,legacy-importance-reviewed,reviewed-v4,2026-08-26
avengers-endgame-2019 -> ant-man-and-the-wasp-quantumania-2023,avengers-endgame-2019,アベンジャーズ／エンドゲーム,ant-man-and-the-wasp-quantumania-2023,アントマン＆ワスプ：クアントマニア,キャラクター／世界観の継続,character/world continuation,medium,dashed,reference,参照,客演・設定共有・別宇宙・出演確認などの参照接続。「全線」で表示、表示時も選択作品への直接接続だけ補助点灯。,Same lead/team continuity or explicit sequel/crossover progression.,structure-reviewed,IDs・重複・自己ループ・方向グラフ整合を監査。外部根拠は必要な接続のみ別途確認。,,2026-08-26,,medium,internal-structure,crossover,indirect,same_or_intended,true,false,false,legacy-structured,,world_lore,complete,補助的な人物・世界観・マルチバース・参照関係まで含む完全版で追加する。,legacy-importance-reviewed,reviewed-v4,2026-08-26
spider-man-homecoming-2017 -> avengers-infinity-war-2018,spider-man-homecoming-2017,スパイダーマン：ホームカミング,avengers-infinity-war-2018,アベンジャーズ／インフィニティ・ウォー,キャラクター／チームのクロスオーバー,character/team crossover,strong,solid,recommended,推奨,理解を助ける重要なクロスオーバー／人物・イベント継続。選択作品へ直接1段だけ付加し、ここからは再帰伝播しない。,Same lead/team continuity or explicit sequel/crossover progression.,structure-reviewed,IDs・重複・自己ループ・方向グラフ整合を監査。外部根拠は必要な接続のみ別途確認。,,2026-08-26,,medium,internal-structure,crossover,indirect,same_or_intended,true,false,true,legacy-structured,,crossover,recommended,理解や人物関係を大きく補強するため、おすすめプランで追加する。,legacy-importance-reviewed,reviewed-v4,2026-08-26
avengers-endgame-2019 -> spider-man-far-from-home-2019,avengers-endgame-2019,アベンジャーズ／エンドゲーム,spider-man-far-from-home-2019,スパイダーマン：ファー・フロム・ホーム,直接的な後日談,direct aftermath,very strong,solid_thick,core,中核,同系列・直接続編・直接的な物語前提など、選択作品の本筋として再帰的に辿る接続。,Same lead/team continuity or explicit sequel/crossover progression. / Far From Home explicitly follows Endgame.,structure-reviewed,IDs・重複・自己ループ・方向グラフ整合を監査。外部根拠は必要な接続のみ別途確認。,,2026-08-26,,medium,internal-structure,story,direct,same_or_intended,true,true,true,legacy-structured,,aftermath,minimum,本筋・直接続編・強い前提として、最低限プランで再帰的に辿る。,legacy-importance-reviewed,reviewed-v4,2026-08-26
spider-man-far-from-home-2019 -> spider-man-no-way-home-2021,spider-man-far-from-home-2019,スパイダーマン：ファー・フロム・ホーム,spider-man-no-way-home-2021,スパイダーマン：ノー・ウェイ・ホーム,直接の続編,direct sequel,very strong,solid_thick,core,中核,同系列・直接続編・直接的な物語前提など、選択作品の本筋として再帰的に辿る接続。,Same lead/team continuity or explicit sequel/crossover progression.,structure-reviewed,IDs・重複・自己ループ・方向グラフ整合を監査。外部根拠は必要な接続のみ別途確認。,,2026-08-26,,high,internal-structure,story,direct,same_or_intended,true,true,true,legacy-structured,,sequel,minimum,本筋・直接続編・強い前提として、最低限プランで再帰的に辿る。,legacy-importance-reviewed,reviewed-v4,2026-08-26
spider-man-no-way-home-2021 -> spider-man-brand-new-day-2026-07-31,spider-man-no-way-home-2021,スパイダーマン：ノー・ウェイ・ホーム,spider-man-brand-new-day-2026-07-31,スパイダーマン：ブランド・ニュー・デイ,直接の後続作,direct film continuation,very strong,solid_thick,core,中核,理解を助ける重要なクロスオーバー／人物・イベント継続。選択作品へ直接1段だけ付加し、ここからは再帰伝播しない。,Sony公式がNo Way Homeの出来事から4年後の新章と明示。,web-verified,Sony Pictures Japan states the story takes place four years after No Way Home and begins a new chapter for the same Peter Parker.,https://www.sonypictures.jp/corp/press/2026-03-18-0,2026-08-26,,high,official-distributor,story,direct,same_or_intended,true,true,true,official-story,,story_link,minimum,本筋・直接続編・強い前提として、最低限プランで再帰的に辿る。,legacy-importance-reviewed,reviewed-v4,2026-08-26
doctor-strange-2016 -> avengers-infinity-war-2018,doctor-strange-2016,ドクター・ストレンジ,avengers-infinity-war-2018,アベンジャーズ／インフィニティ・ウォー,キャラクター・クロスオーバー,character crossover,strong,solid,recommended,推奨,理解を助ける重要なクロスオーバー／人物・イベント継続。選択作品へ直接1段だけ付加し、ここからは再帰伝播しない。,Doctor Strange joins the Avengers conflict.,structure-reviewed,IDs・重複・自己ループ・方向グラフ整合を監査。外部根拠は必要な接続のみ別途確認。,,2026-08-26,,medium,internal-structure,crossover,indirect,same_or_intended,true,false,true,legacy-structured,,crossover,recommended,理解や人物関係を大きく補強するため、おすすめプランで追加する。,legacy-importance-reviewed,reviewed-v4,2026-08-26
spider-man-no-way-home-2021 -> doctor-strange-in-the-multiverse-of-madness-2022,spider-man-no-way-home-2021,スパイダーマン：ノー・ウェイ・ホーム,doctor-strange-in-the-multiverse-of-madness-2022,ドクター・ストレンジ／マルチバース・オブ・マッドネス,マルチバース／テーマ上の継続,multiverse/thematic continuation,medium,dotted,reference,参照,客演・設定共有・別宇宙・出演確認などの参照接続。「全線」で表示、表示時も選択作品への直接接続だけ補助点灯。,Shared multiverse consequences; not a direct sequel.,structure-reviewed,IDs・重複・自己ループ・方向グラフ整合を監査。外部根拠は必要な接続のみ別途確認。,,2026-08-26,,medium,internal-structure,crossover,direct,multiverse,true,true,false,legacy-structured,,crossover,complete,補助的な人物・世界観・マルチバース・参照関係まで含む完全版で追加する。,legacy-importance-reviewed,reviewed-v4,2026-08-26
wandavision-2021 -> doctor-strange-in-the-multiverse-of-madness-2022,wandavision-2021,ワンダヴィジョン,doctor-strange-in-the-multiverse-of-madness-2022,ドクター・ストレンジ／マルチバース・オブ・マッドネス,物語／キャラクターの継続,plot/character continuation,strong,solid,recommended,推奨,理解を助ける重要なクロスオーバー／人物・イベント継続。選択作品へ直接1段だけ付加し、ここからは再帰伝播しない。,Wanda's post-WandaVision arc continues.,structure-reviewed,IDs・重複・自己ループ・方向グラフ整合を監査。外部根拠は必要な接続のみ別途確認。,,2026-08-26,,medium,internal-structure,story,indirect,same_or_intended,true,false,true,legacy-structured,,story_link,recommended,理解や人物関係を大きく補強するため、おすすめプランで追加する。,legacy-importance-reviewed,reviewed-v4,2026-08-26
wandavision-2021 -> agatha-all-along-2024,wandavision-2021,ワンダヴィジョン,agatha-all-along-2024,アガサ・オール・アロング,直接スピンオフ,direct spin-off,strong,solid,core,中核,同系列・直接続編・直接的な物語前提など、選択作品の本筋として再帰的に辿る接続。,Agatha branch.,structure-reviewed,IDs・重複・自己ループ・方向グラフ整合を監査。外部根拠は必要な接続のみ別途確認。,,2026-08-26,,medium,internal-structure,story,strong,same_or_intended,true,true,true,legacy-structured,,spinoff,minimum,本筋・直接続編・強い前提として、最低限プランで再帰的に辿る。,legacy-importance-reviewed,reviewed-v4,2026-08-26
agatha-all-along-2024 -> visionquest-2026-10-14,agatha-all-along-2024,アガサ・オール・アロング,visionquest-2026-10-14,VisionQuest （邦題未発表）,三部作の継続,trilogy continuation,strong,solid,core,中核,同系列・直接続編・直接的な物語前提など、選択作品の本筋として再帰的に辿る接続。,Marvel calls VisionQuest the final installment of the trilogy begun by WandaVision and continued by Agatha.,web-verified,Marvel calls VisionQuest the final installment of the WandaVision→Agatha All Along→VisionQuest trilogy.,https://www.marvel.com/articles/tv-shows/marvel-television-visionquest-release-date?pubDate=20260513,2026-08-26,,high,official-marvel,story,strong,same_or_intended,true,true,true,web/primary,,sequel,minimum,本筋・直接続編・強い前提として、最低限プランで再帰的に辿る。,legacy-importance-reviewed,reviewed-v4,2026-08-26
wandavision-2021 -> visionquest-2026-10-14,wandavision-2021,ワンダヴィジョン,visionquest-2026-10-14,VisionQuest （邦題未発表）,三部作の主軸,trilogy backbone,strong,solid,core,中核,同系列・直接続編・直接的な物語前提など、選択作品の本筋として再帰的に辿る接続。,Vision continuation; Marvel explicitly frames the three-title trilogy.,web-verified,Marvel calls VisionQuest the final installment of the trilogy begun by WandaVision and continued by Agatha All Along.,https://www.marvel.com/articles/tv-shows/marvel-television-visionquest-release-date?pubDate=20260513,2026-08-26,,high,official-marvel,story,strong,same_or_intended,true,true,true,web/primary,,sequel,minimum,本筋・直接続編・強い前提として、最低限プランで再帰的に辿る。,legacy-importance-reviewed,reviewed-v4,2026-08-26
wandavision-2021 -> the-marvels-2023,wandavision-2021,ワンダヴィジョン,the-marvels-2023,マーベルズ,キャラクター継続,character continuation,strong,solid,recommended,推奨,理解を助ける重要なクロスオーバー／人物・イベント継続。選択作品へ直接1段だけ付加し、ここからは再帰伝播しない。,Monica Rambeau continues into The Marvels.,structure-reviewed,IDs・重複・自己ループ・方向グラフ整合を監査。外部根拠は必要な接続のみ別途確認。,,2026-08-26,,medium,internal-structure,character,proxy,same_or_intended,true,false,true,legacy-structured,,character_continuity,recommended,理解や人物関係を大きく補強するため、おすすめプランで追加する。,legacy-importance-reviewed,reviewed-v4,2026-08-26
ms-marvel-2022 -> the-marvels-2023,ms-marvel-2022,ミズ・マーベル,the-marvels-2023,マーベルズ,同一キャラクターの直接継続,direct character continuation,strong,solid,core,中核,同系列・直接続編・直接的な物語前提など、選択作品の本筋として再帰的に辿る接続。,Kamala Khan continues into The Marvels.,structure-reviewed,IDs・重複・自己ループ・方向グラフ整合を監査。外部根拠は必要な接続のみ別途確認。,,2026-08-26,,medium,internal-structure,story,strong,same_or_intended,true,true,true,legacy-structured,,story_link,minimum,本筋・直接続編・強い前提として、最低限プランで再帰的に辿る。,legacy-importance-reviewed,reviewed-v4,2026-08-26
captain-marvel-2019 -> the-marvels-2023,captain-marvel-2019,キャプテン・マーベル,the-marvels-2023,マーベルズ,direct sequel/character continuation,direct sequel/character continuation,strong,solid,core,中核,同系列・直接続編・直接的な物語前提など、選択作品の本筋として再帰的に辿る接続。,Carol Danvers continues into The Marvels.,structure-reviewed,IDs・重複・自己ループ・方向グラフ整合を監査。外部根拠は必要な接続のみ別途確認。,,2026-08-26,,medium,internal-structure,story,direct,same_or_intended,true,true,true,legacy-structured,,sequel,minimum,本筋・直接続編・強い前提として、最低限プランで再帰的に辿る。,legacy-importance-reviewed,reviewed-v4,2026-08-26
hawkeye-2021 -> echo-2024,hawkeye-2021,ホークアイ,echo-2024,エコー,direct character spin-off,direct character spin-off,strong,solid,core,中核,同系列・直接続編・直接的な物語前提など、選択作品の本筋として再帰的に辿る接続。,Maya Lopez/Fisk branch.,structure-reviewed,IDs・重複・自己ループ・方向グラフ整合を監査。外部根拠は必要な接続のみ別途確認。,,2026-08-26,,medium,internal-structure,story,strong,same_or_intended,true,true,true,legacy-structured,,spinoff,minimum,本筋・直接続編・強い前提として、最低限プランで再帰的に辿る。,legacy-importance-reviewed,reviewed-v4,2026-08-26
hawkeye-2021 -> daredevil-born-again-s1-2025,hawkeye-2021,ホークアイ,daredevil-born-again-s1-2025,デアデビル：ボーン・アゲイン S1,キングピンを介した接続,character/Kingpin bridge,medium,dashed,reference,参照,客演・設定共有・別宇宙・出演確認などの参照接続。「全線」で表示、表示時も選択作品への直接接続だけ補助点灯。,Fisk re-enters MCU before Born Again.,structure-reviewed,IDs・重複・自己ループ・方向グラフ整合を監査。外部根拠は必要な接続のみ別途確認。,,2026-08-26,,medium,internal-structure,story,indirect,same_or_intended,true,false,false,legacy-structured,,lead_in,complete,補助的な人物・世界観・マルチバース・参照関係まで含む完全版で追加する。,legacy-importance-reviewed,reviewed-v4,2026-08-26
echo-2024 -> daredevil-born-again-s1-2025,echo-2024,エコー,daredevil-born-again-s1-2025,デアデビル：ボーン・アゲイン S1,ストリート系の継続,street-level continuation,strong,solid,recommended,推奨,理解を助ける重要なクロスオーバー／人物・イベント継続。選択作品へ直接1段だけ付加し、ここからは再帰伝播しない。,Fisk/Daredevil street branch.,structure-reviewed,IDs・重複・自己ループ・方向グラフ整合を監査。外部根拠は必要な接続のみ別途確認。,,2026-08-26,,medium,internal-structure,story,indirect,same_or_intended,true,false,true,legacy-structured,,story_link,recommended,理解や人物関係を大きく補強するため、おすすめプランで追加する。,legacy-importance-reviewed,reviewed-v4,2026-08-26
daredevil-born-again-s1-2025 -> daredevil-born-again-s2-2026,daredevil-born-again-s1-2025,デアデビル：ボーン・アゲイン S1,daredevil-born-again-s2-2026,デアデビル：ボーン・アゲイン S2,直接の続編,direct sequel,strong,solid,core,中核,同系列・直接続編・直接的な物語前提など、選択作品の本筋として再帰的に辿る接続。,Season continuation.,structure-reviewed,IDs・重複・自己ループ・方向グラフ整合を監査。外部根拠は必要な接続のみ別途確認。,,2026-08-26,,high,internal-structure,story,direct,same_or_intended,true,true,true,legacy-structured,,sequel,minimum,本筋・直接続編・強い前提として、最低限プランで再帰的に辿る。,legacy-importance-reviewed,reviewed-v4,2026-08-26
daredevil-born-again-s2-2026 -> daredevil-born-again-s3-tba,daredevil-born-again-s2-2026,デアデビル：ボーン・アゲイン S2,daredevil-born-again-s3-tba,デアデビル：ボーン・アゲイン S3,直接の続編,direct sequel,strong,solid,core,中核,同系列・直接続編・直接的な物語前提など、選択作品の本筋として再帰的に辿る接続。,Marvel lists Season 3.,structure-reviewed,IDs・重複・自己ループ・方向グラフ整合を監査。外部根拠は必要な接続のみ別途確認。,,2026-08-26,,high,internal-structure,story,direct,same_or_intended,true,true,true,legacy-structured,,sequel,minimum,本筋・直接続編・強い前提として、最低限プランで再帰的に辿る。,legacy-importance-reviewed,reviewed-v4,2026-08-26
the-punisher-s2-2019 -> the-punisher-one-last-kill-2026-05-12,the-punisher-s2-2019,パニッシャー S2,the-punisher-one-last-kill-2026-05-12,パニッシャー：ワン・ラスト・キル,character continuity,character continuity,strong,solid,core,中核,同系列・直接続編・直接的な物語前提など、選択作品の本筋として再帰的に辿る接続。,Jon Bernthal's Frank Castle continuation.,structure-reviewed,IDs・重複・自己ループ・方向グラフ整合を監査。外部根拠は必要な接続のみ別途確認。,,2026-08-26,,medium,internal-structure,character,strong,same_or_intended,true,false,true,legacy-structured,,character_continuity,minimum,本筋・直接続編・強い前提として、最低限プランで再帰的に辿る。,legacy-importance-reviewed,reviewed-v4,2026-08-26
daredevil-born-again-s2-2026 -> the-punisher-one-last-kill-2026-05-12,daredevil-born-again-s2-2026,デアデビル：ボーン・アゲイン S2,the-punisher-one-last-kill-2026-05-12,パニッシャー：ワン・ラスト・キル,ストリート系の関連接続,street-level crossover adjacency,medium,dashed,reference,参照,客演・設定共有・別宇宙・出演確認などの参照接続。「全線」で表示、表示時も選択作品への直接接続だけ補助点灯。,Same current Marvel Television street-level branch.,structure-reviewed,IDs・重複・自己ループ・方向グラフ整合を監査。外部根拠は必要な接続のみ別途確認。,,2026-08-26,,medium,internal-structure,crossover,indirect,same_or_intended,true,false,false,legacy-structured,,crossover,complete,補助的な人物・世界観・マルチバース・参照関係まで含む完全版で追加する。,legacy-importance-reviewed,reviewed-v4,2026-08-26
black-panther-2018 -> black-panther-wakanda-forever-2022,black-panther-2018,ブラックパンサー,black-panther-wakanda-forever-2022,ブラックパンサー／ワカンダ・フォーエバー,直接の続編,direct sequel,strong,solid,core,中核,同系列・直接続編・直接的な物語前提など、選択作品の本筋として再帰的に辿る接続。,Wakanda sequel.,structure-reviewed,IDs・重複・自己ループ・方向グラフ整合を監査。外部根拠は必要な接続のみ別途確認。,,2026-08-26,,high,internal-structure,story,direct,same_or_intended,true,true,true,legacy-structured,,sequel,minimum,本筋・直接続編・強い前提として、最低限プランで再帰的に辿る。,legacy-importance-reviewed,reviewed-v4,2026-08-26
black-panther-wakanda-forever-2022 -> ironheart-2025,black-panther-wakanda-forever-2022,ブラックパンサー／ワカンダ・フォーエバー,ironheart-2025,アイアンハート,キャラクターのスピンオフ,character spin-off,strong,solid,core,中核,同系列・直接続編・直接的な物語前提など、選択作品の本筋として再帰的に辿る接続。,Riri Williams introduced in Wakanda Forever.,structure-reviewed,IDs・重複・自己ループ・方向グラフ整合を監査。外部根拠は必要な接続のみ別途確認。,,2026-08-26,,medium,internal-structure,story,strong,same_or_intended,true,true,true,legacy-structured,,spinoff,minimum,本筋・直接続編・強い前提として、最低限プランで再帰的に辿る。,legacy-importance-reviewed,reviewed-v4,2026-08-26
black-panther-2018 -> eyes-of-wakanda-2025,black-panther-2018,ブラックパンサー,eyes-of-wakanda-2025,アイズ・オブ・ワカンダ,世界観／歴史の接続,world/history connection,medium,dashed,reference,参照,客演・設定共有・別宇宙・出演確認などの参照接続。「全線」で表示、表示時も選択作品への直接接続だけ補助点灯。,Animated Wakandan historical stories; not a sequel.,structure-reviewed,IDs・重複・自己ループ・方向グラフ整合を監査。外部根拠は必要な接続のみ別途確認。,,2026-08-26,,medium,internal-structure,world_lore,indirect,same_or_intended,true,false,false,legacy-structured,,world_lore,complete,補助的な人物・世界観・マルチバース・参照関係まで含む完全版で追加する。,legacy-importance-reviewed,reviewed-v4,2026-08-26
black-widow-2021 -> hawkeye-2021,black-widow-2021,ブラック・ウィドウ,hawkeye-2021,ホークアイ,Yelena/Natasha legacy,Yelena/Natasha legacy,strong,solid,recommended,推奨,理解を助ける重要なクロスオーバー／人物・イベント継続。選択作品へ直接1段だけ付加し、ここからは再帰伝播しない。,Yelena's post-Black Widow story continues in Hawkeye.,structure-reviewed,IDs・重複・自己ループ・方向グラフ整合を監査。外部根拠は必要な接続のみ別途確認。,,2026-08-26,,medium,internal-structure,character,proxy,same_or_intended,true,false,true,legacy-structured,,character_continuity,recommended,理解や人物関係を大きく補強するため、おすすめプランで追加する。,legacy-importance-reviewed,reviewed-v4,2026-08-26
black-widow-2021 -> thunderbolts-new-avengers-2025,black-widow-2021,ブラック・ウィドウ,thunderbolts-new-avengers-2025,サンダーボルツ*,チーム結成へのセットアップ,ensemble setup,strong,solid,recommended,推奨,理解を助ける重要なクロスオーバー／人物・イベント継続。選択作品へ直接1段だけ付加し、ここからは再帰伝播しない。,"Yelena, Red Guardian, Taskmaster.",structure-reviewed,IDs・重複・自己ループ・方向グラフ整合を監査。外部根拠は必要な接続のみ別途確認。,,2026-08-26,,medium,internal-structure,character,proxy,same_or_intended,true,false,true,legacy-structured,,lead_in,recommended,理解や人物関係を大きく補強するため、おすすめプランで追加する。,legacy-importance-reviewed,reviewed-v4,2026-08-26
the-falcon-and-the-winter-soldier-2021 -> thunderbolts-new-avengers-2025,the-falcon-and-the-winter-soldier-2021,ファルコン＆ウィンター・ソルジャー,thunderbolts-new-avengers-2025,サンダーボルツ*,チーム結成へのセットアップ,ensemble setup,strong,solid,recommended,推奨,理解を助ける重要なクロスオーバー／人物・イベント継続。選択作品へ直接1段だけ付加し、ここからは再帰伝播しない。,Bucky Barnes and John Walker.,structure-reviewed,IDs・重複・自己ループ・方向グラフ整合を監査。外部根拠は必要な接続のみ別途確認。,,2026-08-26,,medium,internal-structure,story,indirect,same_or_intended,true,false,true,legacy-structured,,lead_in,recommended,理解や人物関係を大きく補強するため、おすすめプランで追加する。,legacy-importance-reviewed,reviewed-v4,2026-08-26
ant-man-and-the-wasp-2018 -> thunderbolts-new-avengers-2025,ant-man-and-the-wasp-2018,アントマン＆ワスプ,thunderbolts-new-avengers-2025,サンダーボルツ*,チーム結成へのセットアップ,ensemble setup,strong,solid,recommended,推奨,理解を助ける重要なクロスオーバー／人物・イベント継続。選択作品へ直接1段だけ付加し、ここからは再帰伝播しない。,Ghost.,structure-reviewed,IDs・重複・自己ループ・方向グラフ整合を監査。外部根拠は必要な接続のみ別途確認。,,2026-08-26,,medium,internal-structure,story,indirect,same_or_intended,true,false,true,legacy-structured,,lead_in,recommended,理解や人物関係を大きく補強するため、おすすめプランで追加する。,legacy-importance-reviewed,reviewed-v4,2026-08-26
the-falcon-and-the-winter-soldier-2021 -> captain-america-brave-new-world-2025,the-falcon-and-the-winter-soldier-2021,ファルコン＆ウィンター・ソルジャー,captain-america-brave-new-world-2025,キャプテン・アメリカ：ブレイブ・ニュー・ワールド,同一キャラクターの直接継続,direct character continuation,strong,solid,core,中核,同系列・直接続編・直接的な物語前提など、選択作品の本筋として再帰的に辿る接続。,Sam Wilson's Captain America arc.,structure-reviewed,IDs・重複・自己ループ・方向グラフ整合を監査。外部根拠は必要な接続のみ別途確認。,,2026-08-26,,medium,internal-structure,story,strong,same_or_intended,true,true,true,legacy-structured,,story_link,minimum,本筋・直接続編・強い前提として、最低限プランで再帰的に辿る。,legacy-importance-reviewed,reviewed-v4,2026-08-26
loki-s1-2021 -> loki-s2-2023,loki-s1-2021,ロキ シーズン1,loki-s2-2023,ロキ シーズン2,直接の続編,direct sequel,strong,solid,core,中核,同系列・直接続編・直接的な物語前提など、選択作品の本筋として再帰的に辿る接続。,Season continuation.,structure-reviewed,IDs・重複・自己ループ・方向グラフ整合を監査。外部根拠は必要な接続のみ別途確認。,,2026-08-26,,high,internal-structure,story,direct,same_or_intended,true,true,true,legacy-structured,,sequel,minimum,本筋・直接続編・強い前提として、最低限プランで再帰的に辿る。,legacy-importance-reviewed,reviewed-v4,2026-08-26
what-if-s1-2021 -> what-if-s2-2023,what-if-s1-2021,ホワット・イフ…？ シーズン1,what-if-s2-2023,ホワット・イフ…？ シーズン2,direct anthology continuation,direct anthology continuation,strong,solid,core,中核,同系列・直接続編・直接的な物語前提など、選択作品の本筋として再帰的に辿る接続。,Season continuation.,structure-reviewed,IDs・重複・自己ループ・方向グラフ整合を監査。外部根拠は必要な接続のみ別途確認。,,2026-08-26,,medium,internal-structure,story,strong,same_or_intended,true,true,true,legacy-structured,,sequel,minimum,本筋・直接続編・強い前提として、最低限プランで再帰的に辿る。,legacy-importance-reviewed,reviewed-v4,2026-08-26
what-if-s2-2023 -> what-if-s3-2024,what-if-s2-2023,ホワット・イフ…？ シーズン2,what-if-s3-2024,ホワット・イフ…？ シーズン3,direct anthology continuation,direct anthology continuation,strong,solid,core,中核,同系列・直接続編・直接的な物語前提など、選択作品の本筋として再帰的に辿る接続。,Season continuation.,structure-reviewed,IDs・重複・自己ループ・方向グラフ整合を監査。外部根拠は必要な接続のみ別途確認。,,2026-08-26,,medium,internal-structure,story,strong,same_or_intended,true,true,true,legacy-structured,,sequel,minimum,本筋・直接続編・強い前提として、最低限プランで再帰的に辿る。,legacy-importance-reviewed,reviewed-v4,2026-08-26
what-if-s1-2021 -> marvel-zombies-s1-2025,what-if-s1-2021,ホワット・イフ…？ シーズン1,marvel-zombies-s1-2025,マーベル・ゾンビーズ S1,アニメの直接スピンオフ,direct animated spin-off,strong,solid,core,中核,同系列・直接続編・直接的な物語前提など、選択作品の本筋として再帰的に辿る接続。,Marvel Zombies spins out of the zombie What If...? concept.,structure-reviewed,IDs・重複・自己ループ・方向グラフ整合を監査。外部根拠は必要な接続のみ別途確認。,,2026-08-26,,medium,internal-structure,story,strong,same_or_intended,true,true,true,legacy-structured,,spinoff,minimum,本筋・直接続編・強い前提として、最低限プランで再帰的に辿る。,legacy-importance-reviewed,reviewed-v4,2026-08-26
the-fantastic-four-first-steps-2025 -> avengers-doomsday-2026-12-18,the-fantastic-four-first-steps-2025,ファンタスティック４：ファースト・ステップ,avengers-doomsday-2026-12-18,アベンジャーズ／ドゥームズデイ,公式に明示された直接接続,explicit direct lead-in,very strong,solid_thick,core,中核,同系列・直接続編・直接的な物語前提など、選択作品の本筋として再帰的に辿る接続。,Kevin Feige explicitly says First Steps directly leads into Doomsday.,web-verified,Kevin Feige explicitly says The Fantastic Four: First Steps directly leads into Avengers: Doomsday.,https://www.marvel.com/articles/movies/fantastic-four-first-steps-avengers-doomsday-kevin-feige?pubDate=20250808,2026-08-26,,high,official-marvel,story,direct,crossover,true,true,true,official-story,,lead_in,minimum,本筋・直接続編・強い前提として、最低限プランで再帰的に辿る。,legacy-importance-reviewed,reviewed-v4,2026-08-26
avengers-doomsday-2026-12-18 -> avengers-secret-wars-2027-12-17,avengers-doomsday-2026-12-18,アベンジャーズ／ドゥームズデイ,avengers-secret-wars-2027-12-17,Avengers: Secret Wars （邦題未発表）,発表済みアベンジャーズ・イベント継続,announced Avengers event continuation,strong,solid,core,中核,同系列・直接続編・直接的な物語前提など、選択作品の本筋として再帰的に辿る接続。,Officially paired Avengers event films.,web-verified,Marvel Japan/Russo material describes Doomsday and Secret Wars as a large two-part Avengers story; Marvel movie listings date both films.,https://marvel.disney.co.jp/avengers-special,2026-08-26,,high,official-marvel-jp,story,direct,same_or_intended,true,true,true,official-slate,,story_link,minimum,本筋・直接続編・強い前提として、最低限プランで再帰的に辿る。,legacy-importance-reviewed,reviewed-v4,2026-08-26
deadpool-2016 -> deadpool-2-2018,deadpool-2016,デッドプール,deadpool-2-2018,デッドプール2,直接の続編,direct sequel,strong,solid,core,中核,同系列・直接続編・直接的な物語前提など、選択作品の本筋として再帰的に辿る接続。,Same Fox Deadpool continuity.,structure-reviewed,IDs・重複・自己ループ・方向グラフ整合を監査。外部根拠は必要な接続のみ別途確認。,,2026-08-26,,high,internal-structure,story,direct,same_or_intended,true,true,true,legacy-structured,,sequel,minimum,本筋・直接続編・強い前提として、最低限プランで再帰的に辿る。,legacy-importance-reviewed,reviewed-v4,2026-08-26
deadpool-2-2018 -> deadpool-wolverine-2024,deadpool-2-2018,デッドプール2,deadpool-wolverine-2024,デッドプール＆ウルヴァリン,同一キャラクターの直接継続,direct character continuation,strong,solid,core,中核,同系列・直接続編・直接的な物語前提など、選択作品の本筋として再帰的に辿る接続。,Wade's film series continues.,structure-reviewed,IDs・重複・自己ループ・方向グラフ整合を監査。外部根拠は必要な接続のみ別途確認。,,2026-08-26,,medium,internal-structure,story,strong,same_or_intended,true,true,true,legacy-structured,,story_link,minimum,本筋・直接続編・強い前提として、最低限プランで再帰的に辿る。,legacy-importance-reviewed,reviewed-v4,2026-08-26
logan-2017 -> deadpool-wolverine-2024,logan-2017,LOGAN／ローガン,deadpool-wolverine-2024,デッドプール＆ウルヴァリン,旧シリーズのキャラクター／物語接続,legacy character/plot bridge,strong,solid,recommended,推奨,理解を助ける重要なクロスオーバー／人物・イベント継続。選択作品へ直接1段だけ付加し、ここからは再帰伝播しない。,Wolverine/X-23 legacy is central to the film.,structure-reviewed,IDs・重複・自己ループ・方向グラフ整合を監査。外部根拠は必要な接続のみ別途確認。,,2026-08-26,,medium,internal-structure,character,proxy,same_or_intended,true,false,true,legacy-structured,,lead_in,recommended,理解や人物関係を大きく補強するため、おすすめプランで追加する。,legacy-importance-reviewed,reviewed-v4,2026-08-26
deadpool-wolverine-2024 -> avengers-doomsday-2026-12-18,deadpool-wolverine-2024,デッドプール＆ウルヴァリン,avengers-doomsday-2026-12-18,アベンジャーズ／ドゥームズデイ,マルチバース／X-MEN接続,multiverse/X-Men bridge,medium,dotted,recommended,推奨,理解を助ける重要なクロスオーバー／人物・イベント継続。選択作品へ直接1段だけ付加し、ここからは再帰伝播しない。,Feige says D&W scratched the surface of revisiting X-Men and Doomsday goes deeper; do not label as direct sequel.,web-verified,"Feige says Deadpool & Wolverine only scratched the surface of revisiting the old X-Men characters and Doomsday delves further; this is a recommended multiverse/X-Men bridge, not a direct sequel.",https://www.marvel.com/articles/movies/fantastic-four-first-steps-avengers-doomsday-kevin-feige?pubDate=20250808,2026-08-26,,high,official-marvel,crossover,direct,multiverse,true,false,true,web/primary,,crossover,recommended,理解や人物関係を大きく補強するため、おすすめプランで追加する。,legacy-importance-reviewed,reviewed-v4,2026-08-26
spider-man-2002 -> spider-man-2-2004,spider-man-2002,スパイダーマン,spider-man-2-2004,スパイダーマン2,直接の続編,direct sequel,strong,solid,core,中核,同系列・直接続編・直接的な物語前提など、選択作品の本筋として再帰的に辿る接続。,Raimi trilogy.,structure-reviewed,IDs・重複・自己ループ・方向グラフ整合を監査。外部根拠は必要な接続のみ別途確認。,,2026-08-26,,high,internal-structure,story,direct,same_or_intended,true,true,true,legacy-structured,,sequel,minimum,本筋・直接続編・強い前提として、最低限プランで再帰的に辿る。,legacy-importance-reviewed,reviewed-v4,2026-08-26
spider-man-2-2004 -> spider-man-3-2007,spider-man-2-2004,スパイダーマン2,spider-man-3-2007,スパイダーマン3,直接の続編,direct sequel,strong,solid,core,中核,同系列・直接続編・直接的な物語前提など、選択作品の本筋として再帰的に辿る接続。,Raimi trilogy.,structure-reviewed,IDs・重複・自己ループ・方向グラフ整合を監査。外部根拠は必要な接続のみ別途確認。,,2026-08-26,,high,internal-structure,story,direct,same_or_intended,true,true,true,legacy-structured,,sequel,minimum,本筋・直接続編・強い前提として、最低限プランで再帰的に辿る。,legacy-importance-reviewed,reviewed-v4,2026-08-26
the-amazing-spider-man-2012 -> the-amazing-spider-man-2-2014,the-amazing-spider-man-2012,アメイジング・スパイダーマン,the-amazing-spider-man-2-2014,アメイジング・スパイダーマン2,直接の続編,direct sequel,strong,solid,core,中核,同系列・直接続編・直接的な物語前提など、選択作品の本筋として再帰的に辿る接続。,Webb duology.,structure-reviewed,IDs・重複・自己ループ・方向グラフ整合を監査。外部根拠は必要な接続のみ別途確認。,,2026-08-26,,high,internal-structure,story,direct,same_or_intended,true,true,true,legacy-structured,,sequel,minimum,本筋・直接続編・強い前提として、最低限プランで再帰的に辿る。,legacy-importance-reviewed,reviewed-v4,2026-08-26
spider-man-3-2007 -> spider-man-no-way-home-2021,spider-man-3-2007,スパイダーマン3,spider-man-no-way-home-2021,スパイダーマン：ノー・ウェイ・ホーム,マルチバース・クロスオーバー,multiverse crossover,very strong,dotted,recommended,推奨,理解を助ける重要なクロスオーバー／人物・イベント継続。選択作品へ直接1段だけ付加し、ここからは再帰伝播しない。,Tobey Maguire's Spider-Man returns.,structure-reviewed,IDs・重複・自己ループ・方向グラフ整合を監査。外部根拠は必要な接続のみ別途確認。,,2026-08-26,,medium,internal-structure,crossover,direct,multiverse,true,true,true,legacy-structured,,crossover,recommended,理解や人物関係を大きく補強するため、おすすめプランで追加する。,legacy-importance-reviewed,reviewed-v4,2026-08-26
the-amazing-spider-man-2-2014 -> spider-man-no-way-home-2021,the-amazing-spider-man-2-2014,アメイジング・スパイダーマン2,spider-man-no-way-home-2021,スパイダーマン：ノー・ウェイ・ホーム,マルチバース・クロスオーバー,multiverse crossover,very strong,dotted,recommended,推奨,理解を助ける重要なクロスオーバー／人物・イベント継続。選択作品へ直接1段だけ付加し、ここからは再帰伝播しない。,Andrew Garfield's Spider-Man returns.,structure-reviewed,IDs・重複・自己ループ・方向グラフ整合を監査。外部根拠は必要な接続のみ別途確認。,,2026-08-26,,medium,internal-structure,crossover,direct,multiverse,true,true,true,legacy-structured,,crossover,recommended,理解や人物関係を大きく補強するため、おすすめプランで追加する。,legacy-importance-reviewed,reviewed-v4,2026-08-26
venom-let-there-be-carnage-2021 -> spider-man-no-way-home-2021,venom-let-there-be-carnage-2021,ヴェノム：レット・ゼア・ビー・カーネイジ,spider-man-no-way-home-2021,スパイダーマン：ノー・ウェイ・ホーム,ポストクレジットのマルチバース接続,post-credit multiverse bridge,medium,dotted,reference,参照,客演・設定共有・別宇宙・出演確認などの参照接続。「全線」で表示、表示時も選択作品への直接接続だけ補助点灯。,Venom/Eddie crosses into MCU space around No Way Home; show as a dotted multiverse edge.,structure-reviewed,IDs・重複・自己ループ・方向グラフ整合を監査。外部根拠は必要な接続のみ別途確認。,,2026-08-26,,medium,internal-structure,crossover,indirect,multiverse,true,false,false,legacy-structured,,crossover,complete,補助的な人物・世界観・マルチバース・参照関係まで含む完全版で追加する。,legacy-importance-reviewed,reviewed-v4,2026-08-26
daredevil-s3-2018 -> spider-man-no-way-home-2021,daredevil-s3-2018,デアデビル S3,spider-man-no-way-home-2021,スパイダーマン：ノー・ウェイ・ホーム,キャラクター継続,character continuation,strong,solid,reference,参照,客演・設定共有・別宇宙・出演確認などの参照接続。「全線」で表示、表示時も選択作品への直接接続だけ補助点灯。,Charlie Cox's Matt Murdock appears.,structure-reviewed,IDs・重複・自己ループ・方向グラフ整合を監査。外部根拠は必要な接続のみ別途確認。,,2026-08-26,,medium,internal-structure,character,proxy,same_or_intended,true,false,false,legacy-structured,,character_continuity,complete,補助的な人物・世界観・マルチバース・参照関係まで含む完全版で追加する。,legacy-importance-reviewed,reviewed-v4,2026-08-26
daredevil-s3-2018 -> daredevil-born-again-s1-2025,daredevil-s3-2018,デアデビル S3,daredevil-born-again-s1-2025,デアデビル：ボーン・アゲイン S1,旧シリーズからの継続,legacy continuation,very strong,solid_thick,core,中核,同系列・直接続編・直接的な物語前提など、選択作品の本筋として再帰的に辿る接続。,Matt/Fisk/Karen/Foggy continuity carried forward.,structure-reviewed,IDs・重複・自己ループ・方向グラフ整合を監査。外部根拠は必要な接続のみ別途確認。,,2026-08-26,,medium,internal-structure,story,direct,same_or_intended,true,true,true,legacy-structured,,sequel,minimum,本筋・直接続編・強い前提として、最低限プランで再帰的に辿る。,legacy-importance-reviewed,reviewed-v4,2026-08-26
jessica-jones-s3-2019 -> daredevil-born-again-s2-2026,jessica-jones-s3-2019,ジェシカ・ジョーンズ S3,daredevil-born-again-s2-2026,デアデビル：ボーン・アゲイン S2,旧シリーズのキャラクター再登場,legacy character return,strong,solid,recommended,推奨,理解を助ける重要なクロスオーバー／人物・イベント継続。選択作品へ直接1段だけ付加し、ここからは再帰伝播しない。,Jessica Jones returns in the current street-level branch.,structure-reviewed,IDs・重複・自己ループ・方向グラフ整合を監査。外部根拠は必要な接続のみ別途確認。,,2026-08-26,,medium,internal-structure,character,proxy,same_or_intended,true,false,true,legacy-structured,,character_continuity,recommended,理解や人物関係を大きく補強するため、おすすめプランで追加する。,legacy-importance-reviewed,reviewed-v4,2026-08-26
daredevil-s2-2016 -> the-defenders-2017,daredevil-s2-2016,デアデビル S2,the-defenders-2017,マーベル／ザ・ディフェンダーズ,複数枝の合流,ensemble convergence,very strong,solid_thick,core,中核,同系列・直接続編・直接的な物語前提など、選択作品の本筋として再帰的に辿る接続。,Four Netflix hero branches converge in The Defenders.,structure-reviewed,IDs・重複・自己ループ・方向グラフ整合を監査。外部根拠は必要な接続のみ別途確認。,,2026-08-26,,medium,internal-structure,crossover,direct,same_or_intended,true,true,true,legacy-structured,,crossover,minimum,本筋・直接続編・強い前提として、最低限プランで再帰的に辿る。,legacy-importance-reviewed,reviewed-v4,2026-08-26
jessica-jones-s1-2015 -> the-defenders-2017,jessica-jones-s1-2015,ジェシカ・ジョーンズ S1,the-defenders-2017,マーベル／ザ・ディフェンダーズ,複数枝の合流,ensemble convergence,very strong,solid_thick,core,中核,同系列・直接続編・直接的な物語前提など、選択作品の本筋として再帰的に辿る接続。,Four Netflix hero branches converge in The Defenders.,structure-reviewed,IDs・重複・自己ループ・方向グラフ整合を監査。外部根拠は必要な接続のみ別途確認。,,2026-08-26,,medium,internal-structure,crossover,direct,same_or_intended,true,true,true,legacy-structured,,crossover,minimum,本筋・直接続編・強い前提として、最低限プランで再帰的に辿る。,legacy-importance-reviewed,reviewed-v4,2026-08-26
luke-cage-s1-2016 -> the-defenders-2017,luke-cage-s1-2016,ルーク・ケイジ S1,the-defenders-2017,マーベル／ザ・ディフェンダーズ,複数枝の合流,ensemble convergence,very strong,solid_thick,core,中核,同系列・直接続編・直接的な物語前提など、選択作品の本筋として再帰的に辿る接続。,Four Netflix hero branches converge in The Defenders.,structure-reviewed,IDs・重複・自己ループ・方向グラフ整合を監査。外部根拠は必要な接続のみ別途確認。,,2026-08-26,,medium,internal-structure,crossover,direct,same_or_intended,true,true,true,legacy-structured,,crossover,minimum,本筋・直接続編・強い前提として、最低限プランで再帰的に辿る。,legacy-importance-reviewed,reviewed-v4,2026-08-26
iron-fist-s1-2017 -> the-defenders-2017,iron-fist-s1-2017,アイアン・フィスト S1,the-defenders-2017,マーベル／ザ・ディフェンダーズ,複数枝の合流,ensemble convergence,very strong,solid_thick,core,中核,同系列・直接続編・直接的な物語前提など、選択作品の本筋として再帰的に辿る接続。,Four Netflix hero branches converge in The Defenders.,structure-reviewed,IDs・重複・自己ループ・方向グラフ整合を監査。外部根拠は必要な接続のみ別途確認。,,2026-08-26,,medium,internal-structure,crossover,direct,same_or_intended,true,true,true,legacy-structured,,crossover,minimum,本筋・直接続編・強い前提として、最低限プランで再帰的に辿る。,legacy-importance-reviewed,reviewed-v4,2026-08-26
the-defenders-2017 -> daredevil-s3-2018,the-defenders-2017,マーベル／ザ・ディフェンダーズ,daredevil-s3-2018,デアデビル S3,直接的な後日談,direct aftermath,strong,solid,core,中核,同系列・直接続編・直接的な物語前提など、選択作品の本筋として再帰的に辿る接続。,Daredevil's post-Defenders story.,structure-reviewed,IDs・重複・自己ループ・方向グラフ整合を監査。外部根拠は必要な接続のみ別途確認。,,2026-08-26,,medium,internal-structure,story,strong,same_or_intended,true,true,true,legacy-structured,,aftermath,minimum,本筋・直接続編・強い前提として、最低限プランで再帰的に辿る。,legacy-importance-reviewed,reviewed-v4,2026-08-26
daredevil-s2-2016 -> the-punisher-s1-2017,daredevil-s2-2016,デアデビル S2,the-punisher-s1-2017,パニッシャー S1,キャラクターのスピンオフ,character spin-off,strong,solid,core,中核,同系列・直接続編・直接的な物語前提など、選択作品の本筋として再帰的に辿る接続。,Frank Castle introduced in Daredevil S2.,structure-reviewed,IDs・重複・自己ループ・方向グラフ整合を監査。外部根拠は必要な接続のみ別途確認。,,2026-08-26,,medium,internal-structure,story,strong,same_or_intended,true,true,true,legacy-structured,,spinoff,minimum,本筋・直接続編・強い前提として、最低限プランで再帰的に辿る。,legacy-importance-reviewed,reviewed-v4,2026-08-26
jessica-jones-s1-2015 -> luke-cage-s1-2016,jessica-jones-s1-2015,ジェシカ・ジョーンズ S1,luke-cage-s1-2016,ルーク・ケイジ S1,character continuity,character continuity,strong,solid,recommended,推奨,理解を助ける重要なクロスオーバー／人物・イベント継続。選択作品へ直接1段だけ付加し、ここからは再帰伝播しない。,Luke Cage spins out from Jessica Jones connection.,structure-reviewed,IDs・重複・自己ループ・方向グラフ整合を監査。外部根拠は必要な接続のみ別途確認。,,2026-08-26,,medium,internal-structure,character,proxy,same_or_intended,true,false,true,legacy-structured,,character_continuity,recommended,理解や人物関係を大きく補強するため、おすすめプランで追加する。,legacy-importance-reviewed,reviewed-v4,2026-08-26
blade-trinity-2004 -> deadpool-wolverine-2024,blade-trinity-2004,ブレイド3,deadpool-wolverine-2024,デッドプール＆ウルヴァリン,旧映像宇宙からのマルチバース接続,legacy multiverse cameo bridge,strong,dotted,reference,参照,客演・設定共有・別宇宙・出演確認などの参照接続。「全線」で表示、表示時も選択作品への直接接続だけ補助点灯。,Wesley Snipes' Blade legacy is explicitly brought into Deadpool & Wolverine.,structure-reviewed,IDs・重複・自己ループ・方向グラフ整合を監査。外部根拠は必要な接続のみ別途確認。,,2026-08-26,,medium,internal-structure,crossover,indirect,multiverse,true,false,false,legacy-structured,,crossover,complete,補助的な人物・世界観・マルチバース・参照関係まで含む完全版で追加する。,legacy-importance-reviewed,reviewed-v4,2026-08-26
elektra-2005 -> deadpool-wolverine-2024,elektra-2005,エレクトラ,deadpool-wolverine-2024,デッドプール＆ウルヴァリン,旧映像宇宙からのマルチバース接続,legacy multiverse cameo bridge,strong,dotted,reference,参照,客演・設定共有・別宇宙・出演確認などの参照接続。「全線」で表示、表示時も選択作品への直接接続だけ補助点灯。,Jennifer Garner's Elektra legacy is explicitly brought into Deadpool & Wolverine.,structure-reviewed,IDs・重複・自己ループ・方向グラフ整合を監査。外部根拠は必要な接続のみ別途確認。,,2026-08-26,,medium,internal-structure,crossover,indirect,multiverse,true,false,false,legacy-structured,,crossover,complete,補助的な人物・世界観・マルチバース・参照関係まで含む完全版で追加する。,legacy-importance-reviewed,reviewed-v4,2026-08-26
fantastic-four-rise-of-the-silver-surfer-2007 -> deadpool-wolverine-2024,fantastic-four-rise-of-the-silver-surfer-2007,ファンタスティック・フォー：銀河の危機,deadpool-wolverine-2024,デッドプール＆ウルヴァリン,旧映像宇宙からのマルチバース接続,legacy multiverse cameo bridge,strong,dotted,reference,参照,客演・設定共有・別宇宙・出演確認などの参照接続。「全線」で表示、表示時も選択作品への直接接続だけ補助点灯。,Chris Evans' Human Torch legacy is explicitly brought into Deadpool & Wolverine.,structure-reviewed,IDs・重複・自己ループ・方向グラフ整合を監査。外部根拠は必要な接続のみ別途確認。,,2026-08-26,,medium,internal-structure,crossover,indirect,multiverse,true,false,false,legacy-structured,,crossover,complete,補助的な人物・世界観・マルチバース・参照関係まで含む完全版で追加する。,legacy-importance-reviewed,reviewed-v4,2026-08-26
x-men-the-animated-series-19921997 -> x-men-97-s1-2024,x-men-the-animated-series-19921997,X-MEN（アニメシリーズ）,x-men-97-s1-2024,X-MEN '97 S1,アニメ直系の継続,direct animated continuity,very strong,solid_thick,core,中核,同系列・直接続編・直接的な物語前提など、選択作品の本筋として再帰的に辿る接続。,Marvel states X-Men '97 explores new stories in the iconic '90s timeline of the original series.,structure-reviewed,IDs・重複・自己ループ・方向グラフ整合を監査。外部根拠は必要な接続のみ別途確認。,,2026-08-26,,medium,internal-structure,story,direct,same_or_intended,true,true,true,legacy-structured,,sequel,minimum,本筋・直接続編・強い前提として、最低限プランで再帰的に辿る。,legacy-importance-reviewed,reviewed-v4,2026-08-26
x-men-97-s1-2024 -> x-men-97-s2-2026-07-01,x-men-97-s1-2024,X-MEN '97 S1,x-men-97-s2-2026-07-01,X-MEN '97 S2,シーズン継続,direct sequel season,very strong,solid_thick,core,中核,同系列・直接続編・直接的な物語前提など、選択作品の本筋として再帰的に辿る接続。,Season continuation.,structure-reviewed,IDs・重複・自己ループ・方向グラフ整合を監査。外部根拠は必要な接続のみ別途確認。,,2026-08-26,,high,internal-structure,story,direct,same_or_intended,true,true,true,legacy-structured,,sequel,minimum,本筋・直接続編・強い前提として、最低限プランで再帰的に辿る。,legacy-importance-reviewed,reviewed-v4,2026-08-26
iron-man-3-2013 -> all-hail-the-king-2014,iron-man-3-2013,アイアンマン3,all-hail-the-king-2014,オール・ヘイル・ザ・キング,短編での直接フォロー,direct short-form follow-up,strong,solid,recommended,推奨,理解を助ける重要なクロスオーバー／人物・イベント継続。選択作品へ直接1段だけ付加し、ここからは再帰伝播しない。,Trevor Slattery follow-up.,structure-reviewed,IDs・重複・自己ループ・方向グラフ整合を監査。外部根拠は必要な接続のみ別途確認。,,2026-08-26,,medium,internal-structure,story,indirect,same_or_intended,true,false,true,legacy-structured,,sequel,recommended,理解や人物関係を大きく補強するため、おすすめプランで追加する。,legacy-importance-reviewed,reviewed-v4,2026-08-26
all-hail-the-king-2014 -> shang-chi-and-the-legend-of-the-ten-rings-2021,all-hail-the-king-2014,オール・ヘイル・ザ・キング,shang-chi-and-the-legend-of-the-ten-rings-2021,シャン・チー／テン・リングスの伝説,character/plot callback,character/plot callback,strong,solid,recommended,推奨,理解を助ける重要なクロスオーバー／人物・イベント継続。選択作品へ直接1段だけ付加し、ここからは再帰伝播しない。,Trevor Slattery and Ten Rings/Mandarin thread is revisited.,structure-reviewed,IDs・重複・自己ループ・方向グラフ整合を監査。外部根拠は必要な接続のみ別途確認。,,2026-08-26,,medium,internal-structure,story,indirect,same_or_intended,true,false,true,legacy-structured,,story_link,recommended,理解や人物関係を大きく補強するため、おすすめプランで追加する。,legacy-importance-reviewed,reviewed-v4,2026-08-26
shang-chi-and-the-legend-of-the-ten-rings-2021 -> wonder-man-s1-2026,shang-chi-and-the-legend-of-the-ten-rings-2021,シャン・チー／テン・リングスの伝説,wonder-man-s1-2026,ワンダーマン S1,キャラクター継続,character continuation,medium,dashed,recommended,推奨,理解を助ける重要なクロスオーバー／人物・イベント継続。選択作品へ直接1段だけ付加し、ここからは再帰伝播しない。,Trevor Slattery continues into Wonder Man; Marvel published an official Trevor Slattery MCU watch guide.,structure-reviewed,IDs・重複・自己ループ・方向グラフ整合を監査。外部根拠は必要な接続のみ別途確認。,,2026-08-26,,medium,internal-structure,character,proxy,same_or_intended,true,false,true,legacy-structured,,character_continuity,recommended,理解や人物関係を大きく補強するため、おすすめプランで追加する。,legacy-importance-reviewed,reviewed-v4,2026-08-26
the-avengers-2012 -> item-47-2012,the-avengers-2012,アベンジャーズ,item-47-2012,アイテム47,直後を描く短編,direct aftermath short,strong,solid,recommended,推奨,理解を助ける重要なクロスオーバー／人物・イベント継続。選択作品へ直接1段だけ付加し、ここからは再帰伝播しない。,Post-Avengers SHIELD cleanup story.,structure-reviewed,IDs・重複・自己ループ・方向グラフ整合を監査。外部根拠は必要な接続のみ別途確認。,,2026-08-26,,medium,internal-structure,story,direct,same_or_intended,true,true,true,legacy-structured,,sequel,recommended,理解や人物関係を大きく補強するため、おすすめプランで追加する。,legacy-importance-reviewed,reviewed-v4,2026-08-26
captain-america-the-first-avenger-2011 -> agent-carter-one-shot-2013,captain-america-the-first-avenger-2011,キャプテン・アメリカ／ザ・ファースト・アベンジャー,agent-carter-one-shot-2013,エージェント・カーター（ワンショット）,character continuation short,character continuation short,strong,solid,recommended,推奨,理解を助ける重要なクロスオーバー／人物・イベント継続。選択作品へ直接1段だけ付加し、ここからは再帰伝播しない。,Peggy Carter continuation.,structure-reviewed,IDs・重複・自己ループ・方向グラフ整合を監査。外部根拠は必要な接続のみ別途確認。,,2026-08-26,,medium,internal-structure,story,indirect,same_or_intended,true,false,true,legacy-structured,,story_link,recommended,理解や人物関係を大きく補強するため、おすすめプランで追加する。,legacy-importance-reviewed,reviewed-v4,2026-08-26
iron-man-2-2010 -> iron-man-3-2013,iron-man-2-2010,アイアンマン2,iron-man-3-2013,アイアンマン3,直接の続編,direct sequel,very strong,solid_thick,core,中核,同系列・直接続編・直接的な物語前提など、選択作品の本筋として再帰的に辿る接続。,Iron Man trilogy direct franchise line.,structure-reviewed,IDs・重複・自己ループ・方向グラフ整合を監査。外部根拠は必要な接続のみ別途確認。,,2026-08-26,,high,internal-structure,story,direct,same_or_intended,true,true,true,legacy-structured,,sequel,minimum,本筋・直接続編・強い前提として、最低限プランで再帰的に辿る。,legacy-importance-reviewed,reviewed-v4,2026-08-26
captain-america-the-first-avenger-2011 -> captain-america-the-winter-soldier-2014,captain-america-the-first-avenger-2011,キャプテン・アメリカ／ザ・ファースト・アベンジャー,captain-america-the-winter-soldier-2014,キャプテン・アメリカ／ウィンター・ソルジャー,シリーズ直系の続編,direct franchise sequel,very strong,solid_thick,core,中核,同系列・直接続編・直接的な物語前提など、選択作品の本筋として再帰的に辿る接続。,Captain America film line.,structure-reviewed,IDs・重複・自己ループ・方向グラフ整合を監査。外部根拠は必要な接続のみ別途確認。,,2026-08-26,,high,internal-structure,story,direct,same_or_intended,true,true,true,legacy-structured,,sequel,minimum,本筋・直接続編・強い前提として、最低限プランで再帰的に辿る。,legacy-importance-reviewed,reviewed-v4,2026-08-26
captain-america-the-winter-soldier-2014 -> captain-america-civil-war-2016,captain-america-the-winter-soldier-2014,キャプテン・アメリカ／ウィンター・ソルジャー,captain-america-civil-war-2016,シビル・ウォー／キャプテン・アメリカ,シリーズ直系の続編,direct franchise sequel,very strong,solid_thick,core,中核,同系列・直接続編・直接的な物語前提など、選択作品の本筋として再帰的に辿る接続。,Captain America film line.,structure-reviewed,IDs・重複・自己ループ・方向グラフ整合を監査。外部根拠は必要な接続のみ別途確認。,,2026-08-26,,high,internal-structure,story,direct,same_or_intended,true,true,true,legacy-structured,,sequel,minimum,本筋・直接続編・強い前提として、最低限プランで再帰的に辿る。,legacy-importance-reviewed,reviewed-v4,2026-08-26
thor-the-dark-world-2013 -> thor-ragnarok-2017,thor-the-dark-world-2013,マイティ・ソー／ダーク・ワールド,thor-ragnarok-2017,マイティ・ソー バトルロイヤル,シリーズ直系の続編,direct franchise sequel,very strong,solid_thick,core,中核,同系列・直接続編・直接的な物語前提など、選択作品の本筋として再帰的に辿る接続。,Thor film line.,structure-reviewed,IDs・重複・自己ループ・方向グラフ整合を監査。外部根拠は必要な接続のみ別途確認。,,2026-08-26,,high,internal-structure,story,direct,same_or_intended,true,true,true,legacy-structured,,sequel,minimum,本筋・直接続編・強い前提として、最低限プランで再帰的に辿る。,legacy-importance-reviewed,reviewed-v4,2026-08-26
thor-ragnarok-2017 -> thor-love-and-thunder-2022,thor-ragnarok-2017,マイティ・ソー バトルロイヤル,thor-love-and-thunder-2022,ソー：ラブ＆サンダー,シリーズ直系の続編,direct franchise sequel,strong,solid,core,中核,同系列・直接続編・直接的な物語前提など、選択作品の本筋として再帰的に辿る接続。,Thor film line; Avengers events occur between.,structure-reviewed,IDs・重複・自己ループ・方向グラフ整合を監査。外部根拠は必要な接続のみ別途確認。,,2026-08-26,,high,internal-structure,story,direct,same_or_intended,true,true,true,legacy-structured,,sequel,minimum,本筋・直接続編・強い前提として、最低限プランで再帰的に辿る。,legacy-importance-reviewed,reviewed-v4,2026-08-26
guardians-of-the-galaxy-vol-2-2017 -> the-guardians-of-the-galaxy-holiday-special-2022,guardians-of-the-galaxy-vol-2-2017,ガーディアンズ・オブ・ギャラクシー：リミックス,the-guardians-of-the-galaxy-holiday-special-2022,ガーディアンズ・オブ・ギャラクシー ホリデー・スペシャル,チーム継続,team continuity,strong,solid,core,中核,同系列・直接続編・直接的な物語前提など、選択作品の本筋として再帰的に辿る接続。,Guardians branch before Vol. 3.,structure-reviewed,IDs・重複・自己ループ・方向グラフ整合を監査。外部根拠は必要な接続のみ別途確認。,,2026-08-26,,medium,internal-structure,story,strong,same_or_intended,true,true,true,legacy-structured,,story_link,minimum,本筋・直接続編・強い前提として、最低限プランで再帰的に辿る。,legacy-importance-reviewed,reviewed-v4,2026-08-26
ant-man-2015 -> ant-man-and-the-wasp-2018,ant-man-2015,アントマン,ant-man-and-the-wasp-2018,アントマン＆ワスプ,シリーズ直系の続編,direct franchise sequel,very strong,solid_thick,core,中核,同系列・直接続編・直接的な物語前提など、選択作品の本筋として再帰的に辿る接続。,Ant-Man film line.,structure-reviewed,IDs・重複・自己ループ・方向グラフ整合を監査。外部根拠は必要な接続のみ別途確認。,,2026-08-26,,high,internal-structure,story,direct,same_or_intended,true,true,true,legacy-structured,,sequel,minimum,本筋・直接続編・強い前提として、最低限プランで再帰的に辿る。,legacy-importance-reviewed,reviewed-v4,2026-08-26
ant-man-and-the-wasp-2018 -> ant-man-and-the-wasp-quantumania-2023,ant-man-and-the-wasp-2018,アントマン＆ワスプ,ant-man-and-the-wasp-quantumania-2023,アントマン＆ワスプ：クアントマニア,シリーズ直系の続編,direct franchise sequel,strong,solid,core,中核,同系列・直接続編・直接的な物語前提など、選択作品の本筋として再帰的に辿る接続。,Ant-Man film line; Endgame occurs between.,structure-reviewed,IDs・重複・自己ループ・方向グラフ整合を監査。外部根拠は必要な接続のみ別途確認。,,2026-08-26,,high,internal-structure,story,direct,same_or_intended,true,true,true,legacy-structured,,sequel,minimum,本筋・直接続編・強い前提として、最低限プランで再帰的に辿る。,legacy-importance-reviewed,reviewed-v4,2026-08-26
spider-man-homecoming-2017 -> spider-man-far-from-home-2019,spider-man-homecoming-2017,スパイダーマン：ホームカミング,spider-man-far-from-home-2019,スパイダーマン：ファー・フロム・ホーム,シリーズ直系の続編,direct franchise sequel,very strong,solid_thick,core,中核,同系列・直接続編・直接的な物語前提など、選択作品の本筋として再帰的に辿る接続。,MCU Spider-Man film line.,structure-reviewed,IDs・重複・自己ループ・方向グラフ整合を監査。外部根拠は必要な接続のみ別途確認。,,2026-08-26,,high,internal-structure,story,direct,same_or_intended,true,true,true,legacy-structured,,sequel,minimum,本筋・直接続編・強い前提として、最低限プランで再帰的に辿る。,legacy-importance-reviewed,reviewed-v4,2026-08-26
doctor-strange-2016 -> doctor-strange-in-the-multiverse-of-madness-2022,doctor-strange-2016,ドクター・ストレンジ,doctor-strange-in-the-multiverse-of-madness-2022,ドクター・ストレンジ／マルチバース・オブ・マッドネス,シリーズ直系の続編,direct franchise sequel,very strong,solid_thick,core,中核,同系列・直接続編・直接的な物語前提など、選択作品の本筋として再帰的に辿る接続。,Doctor Strange film line.,structure-reviewed,IDs・重複・自己ループ・方向グラフ整合を監査。外部根拠は必要な接続のみ別途確認。,,2026-08-26,,high,internal-structure,story,direct,same_or_intended,true,true,true,legacy-structured,,sequel,minimum,本筋・直接続編・強い前提として、最低限プランで再帰的に辿る。,legacy-importance-reviewed,reviewed-v4,2026-08-26
loki-s2-2023 -> deadpool-wolverine-2024,loki-s2-2023,ロキ シーズン2,deadpool-wolverine-2024,デッドプール＆ウルヴァリン,TVA／世界観の接続,TVA/world connection,strong,solid,reference,参照,客演・設定共有・別宇宙・出演確認などの参照接続。「全線」で表示、表示時も選択作品への直接接続だけ補助点灯。,Deadpool & Wolverine directly uses the TVA; do not imply Loki S2 is a plot prequel.,structure-reviewed,IDs・重複・自己ループ・方向グラフ整合を監査。外部根拠は必要な接続のみ別途確認。,,2026-08-26,,medium,internal-structure,crossover,indirect,same_or_intended,true,false,false,legacy-structured,,crossover,complete,補助的な人物・世界観・マルチバース・参照関係まで含む完全版で追加する。,legacy-importance-reviewed,reviewed-v4,2026-08-26
i-am-groot-s1-2022 -> i-am-groot-s2-2023,i-am-groot-s1-2022,アイ・アム・グルート S1,i-am-groot-s2-2023,アイ・アム・グルート S2,direct short-series continuation,direct short-series continuation,strong,solid,core,中核,同系列・直接続編・直接的な物語前提など、選択作品の本筋として再帰的に辿る接続。,Season continuation.,structure-reviewed,IDs・重複・自己ループ・方向グラフ整合を監査。外部根拠は必要な接続のみ別途確認。,,2026-08-26,,medium,internal-structure,story,strong,same_or_intended,true,true,true,legacy-structured,,sequel,minimum,本筋・直接続編・強い前提として、最低限プランで再帰的に辿る。,legacy-importance-reviewed,reviewed-v4,2026-08-26
wonder-man-s1-2026 -> wonder-man-s2-tba,wonder-man-s1-2026,ワンダーマン S1,wonder-man-s2-tba,ワンダーマン S2,シーズン継続,direct season continuation,strong,solid,core,中核,同系列・直接続編・直接的な物語前提など、選択作品の本筋として再帰的に辿る接続。,Marvel currently lists Season 2.,structure-reviewed,IDs・重複・自己ループ・方向グラフ整合を監査。外部根拠は必要な接続のみ別途確認。,,2026-08-26,,high,internal-structure,story,direct,same_or_intended,true,true,true,legacy-structured,,sequel,minimum,本筋・直接続編・強い前提として、最低限プランで再帰的に辿る。,legacy-importance-reviewed,reviewed-v4,2026-08-26
your-friendly-neighborhood-spider-man-s1-2025 -> your-friendly-neighborhood-spider-man-s2-2026,your-friendly-neighborhood-spider-man-s1-2025,スパイダーマン：フレンドリー・ネイバーフッド S1,your-friendly-neighborhood-spider-man-s2-2026,スパイダーマン：フレンドリー・ネイバーフッド S2,シーズン継続,direct season continuation,strong,solid,core,中核,同系列・直接続編・直接的な物語前提など、選択作品の本筋として再帰的に辿る接続。,Marvel currently lists Season 2.,structure-reviewed,IDs・重複・自己ループ・方向グラフ整合を監査。外部根拠は必要な接続のみ別途確認。,,2026-08-26,,high,internal-structure,story,direct,same_or_intended,true,true,true,legacy-structured,,sequel,minimum,本筋・直接続編・強い前提として、最低限プランで再帰的に辿る。,legacy-importance-reviewed,reviewed-v4,2026-08-26
marvel-s-agent-carter-series-20152016 -> avengers-endgame-2019,marvel-s-agent-carter-series-20152016,エージェント・カーター（ドラマ）,avengers-endgame-2019,アベンジャーズ／エンドゲーム,legacy character continuity,legacy character continuity,strong,solid,recommended,推奨,理解を助ける重要なクロスオーバー／人物・イベント継続。選択作品へ直接1段だけ付加し、ここからは再帰伝播しない。,Edwin Jarvis from the Agent Carter series appears in Endgame.,structure-reviewed,IDs・重複・自己ループ・方向グラフ整合を監査。外部根拠は必要な接続のみ別途確認。,,2026-08-26,,medium,internal-structure,character,proxy,same_or_intended,true,false,true,legacy-structured,,character_continuity,recommended,理解や人物関係を大きく補強するため、おすすめプランで追加する。,legacy-importance-reviewed,reviewed-v4,2026-08-26
daredevil-s1-2015 -> daredevil-s2-2016,daredevil-s1-2015,デアデビル S1,daredevil-s2-2016,デアデビル S2,シーズン継続,direct season continuation,very strong,solid_thick,core,中核,同系列・直接続編・直接的な物語前提など、選択作品の本筋として再帰的に辿る接続。,Season continuation.,structure-reviewed,IDs・重複・自己ループ・方向グラフ整合を監査。外部根拠は必要な接続のみ別途確認。,,2026-08-26,,high,internal-structure,story,direct,same_or_intended,true,true,true,legacy-structured,,sequel,minimum,本筋・直接続編・強い前提として、最低限プランで再帰的に辿る。,legacy-importance-reviewed,reviewed-v4,2026-08-26
jessica-jones-s1-2015 -> jessica-jones-s2-2018,jessica-jones-s1-2015,ジェシカ・ジョーンズ S1,jessica-jones-s2-2018,ジェシカ・ジョーンズ S2,シーズン継続,direct season continuation,very strong,solid_thick,core,中核,同系列・直接続編・直接的な物語前提など、選択作品の本筋として再帰的に辿る接続。,Season continuation.,structure-reviewed,IDs・重複・自己ループ・方向グラフ整合を監査。外部根拠は必要な接続のみ別途確認。,,2026-08-26,,high,internal-structure,story,direct,same_or_intended,true,true,true,legacy-structured,,sequel,minimum,本筋・直接続編・強い前提として、最低限プランで再帰的に辿る。,legacy-importance-reviewed,reviewed-v4,2026-08-26
jessica-jones-s2-2018 -> jessica-jones-s3-2019,jessica-jones-s2-2018,ジェシカ・ジョーンズ S2,jessica-jones-s3-2019,ジェシカ・ジョーンズ S3,シーズン継続,direct season continuation,very strong,solid_thick,core,中核,同系列・直接続編・直接的な物語前提など、選択作品の本筋として再帰的に辿る接続。,Season continuation.,structure-reviewed,IDs・重複・自己ループ・方向グラフ整合を監査。外部根拠は必要な接続のみ別途確認。,,2026-08-26,,high,internal-structure,story,direct,same_or_intended,true,true,true,legacy-structured,,sequel,minimum,本筋・直接続編・強い前提として、最低限プランで再帰的に辿る。,legacy-importance-reviewed,reviewed-v4,2026-08-26
luke-cage-s1-2016 -> luke-cage-s2-2018,luke-cage-s1-2016,ルーク・ケイジ S1,luke-cage-s2-2018,ルーク・ケイジ S2,シーズン継続,direct season continuation,very strong,solid_thick,core,中核,同系列・直接続編・直接的な物語前提など、選択作品の本筋として再帰的に辿る接続。,Season continuation.,structure-reviewed,IDs・重複・自己ループ・方向グラフ整合を監査。外部根拠は必要な接続のみ別途確認。,,2026-08-26,,high,internal-structure,story,direct,same_or_intended,true,true,true,legacy-structured,,sequel,minimum,本筋・直接続編・強い前提として、最低限プランで再帰的に辿る。,legacy-importance-reviewed,reviewed-v4,2026-08-26
iron-fist-s1-2017 -> iron-fist-s2-2018,iron-fist-s1-2017,アイアン・フィスト S1,iron-fist-s2-2018,アイアン・フィスト S2,シーズン継続,direct season continuation,very strong,solid_thick,core,中核,同系列・直接続編・直接的な物語前提など、選択作品の本筋として再帰的に辿る接続。,Season continuation.,structure-reviewed,IDs・重複・自己ループ・方向グラフ整合を監査。外部根拠は必要な接続のみ別途確認。,,2026-08-26,,high,internal-structure,story,direct,same_or_intended,true,true,true,legacy-structured,,sequel,minimum,本筋・直接続編・強い前提として、最低限プランで再帰的に辿る。,legacy-importance-reviewed,reviewed-v4,2026-08-26
the-punisher-s1-2017 -> the-punisher-s2-2019,the-punisher-s1-2017,パニッシャー S1,the-punisher-s2-2019,パニッシャー S2,シーズン継続,direct season continuation,very strong,solid_thick,core,中核,同系列・直接続編・直接的な物語前提など、選択作品の本筋として再帰的に辿る接続。,Season continuation.,structure-reviewed,IDs・重複・自己ループ・方向グラフ整合を監査。外部根拠は必要な接続のみ別途確認。,,2026-08-26,,high,internal-structure,story,direct,same_or_intended,true,true,true,legacy-structured,,sequel,minimum,本筋・直接続編・強い前提として、最低限プランで再帰的に辿る。,legacy-importance-reviewed,reviewed-v4,2026-08-26
x-men-2000 -> x2-x-men-united-2003,x-men-2000,X-MEN,x2-x-men-united-2003,X-MEN2,直接の続編,direct sequel,very strong,solid_thick,core,中核,同系列・直接続編・直接的な物語前提など、選択作品の本筋として再帰的に辿る接続。,Original Fox X-Men trilogy.,structure-reviewed,IDs・重複・自己ループ・方向グラフ整合を監査。外部根拠は必要な接続のみ別途確認。,,2026-08-26,,high,internal-structure,story,direct,same_or_intended,true,true,true,legacy-structured,,sequel,minimum,本筋・直接続編・強い前提として、最低限プランで再帰的に辿る。,legacy-importance-reviewed,reviewed-v4,2026-08-26
x2-x-men-united-2003 -> x-men-the-last-stand-2006,x2-x-men-united-2003,X-MEN2,x-men-the-last-stand-2006,X-MEN：ファイナル ディシジョン,直接の続編,direct sequel,very strong,solid_thick,core,中核,同系列・直接続編・直接的な物語前提など、選択作品の本筋として再帰的に辿る接続。,Original Fox X-Men trilogy.,structure-reviewed,IDs・重複・自己ループ・方向グラフ整合を監査。外部根拠は必要な接続のみ別途確認。,,2026-08-26,,high,internal-structure,story,direct,same_or_intended,true,true,true,legacy-structured,,sequel,minimum,本筋・直接続編・強い前提として、最低限プランで再帰的に辿る。,legacy-importance-reviewed,reviewed-v4,2026-08-26
x-men-first-class-2011 -> x-men-days-of-future-past-2014,x-men-first-class-2011,X-MEN：ファースト・ジェネレーション,x-men-days-of-future-past-2014,X-MEN：フューチャー＆パスト,前日譚系／時間軸クロス,prequel-line / timeline crossover,strong,solid,core,中核,同系列・直接続編・直接的な物語前提など、選択作品の本筋として再帰的に辿る接続。,Fox prequel timeline continues and intersects prior cast.,structure-reviewed,IDs・重複・自己ループ・方向グラフ整合を監査。外部根拠は必要な接続のみ別途確認。,,2026-08-26,,medium,internal-structure,crossover,strong,same_or_intended,true,true,true,legacy-structured,,crossover,minimum,本筋・直接続編・強い前提として、最低限プランで再帰的に辿る。,legacy-importance-reviewed,reviewed-v4,2026-08-26
x-men-days-of-future-past-2014 -> x-men-apocalypse-2016,x-men-days-of-future-past-2014,X-MEN：フューチャー＆パスト,x-men-apocalypse-2016,X-MEN：アポカリプス,前日譚時間軸の続編,prequel-timeline sequel,strong,solid,core,中核,同系列・直接続編・直接的な物語前提など、選択作品の本筋として再帰的に辿る接続。,Revised/prequel timeline.,structure-reviewed,IDs・重複・自己ループ・方向グラフ整合を監査。外部根拠は必要な接続のみ別途確認。,,2026-08-26,,medium,internal-structure,story,strong,same_or_intended,true,true,true,legacy-structured,,sequel,minimum,本筋・直接続編・強い前提として、最低限プランで再帰的に辿る。,legacy-importance-reviewed,reviewed-v4,2026-08-26
x-men-apocalypse-2016 -> dark-phoenix-2019,x-men-apocalypse-2016,X-MEN：アポカリプス,dark-phoenix-2019,X-MEN：ダーク・フェニックス,前日譚時間軸の続編,prequel-timeline sequel,strong,solid,core,中核,同系列・直接続編・直接的な物語前提など、選択作品の本筋として再帰的に辿る接続。,Revised/prequel timeline.,structure-reviewed,IDs・重複・自己ループ・方向グラフ整合を監査。外部根拠は必要な接続のみ別途確認。,,2026-08-26,,medium,internal-structure,story,strong,same_or_intended,true,true,true,legacy-structured,,sequel,minimum,本筋・直接続編・強い前提として、最低限プランで再帰的に辿る。,legacy-importance-reviewed,reviewed-v4,2026-08-26
x-men-origins-wolverine-2009 -> the-wolverine-2013,x-men-origins-wolverine-2009,ウルヴァリン：X-MEN ZERO,the-wolverine-2013,ウルヴァリン：SAMURAI,ウルヴァリン映画系の継続,Wolverine film lineage,medium,dashed,core,中核,同系列・直接続編・直接的な物語前提など、選択作品の本筋として再帰的に辿る接続。,Same Wolverine film branch; Fox continuity is affected by later time travel.,structure-reviewed,IDs・重複・自己ループ・方向グラフ整合を監査。外部根拠は必要な接続のみ別途確認。,,2026-08-26,,medium,internal-structure,story,strong,same_or_intended,true,true,true,legacy-structured,,sequel,minimum,本筋・直接続編・強い前提として、最低限プランで再帰的に辿る。,legacy-importance-reviewed,reviewed-v4,2026-08-26
the-wolverine-2013 -> logan-2017,the-wolverine-2013,ウルヴァリン：SAMURAI,logan-2017,LOGAN／ローガン,ウルヴァリン映画系の継続,Wolverine film lineage,medium,dashed,core,中核,同系列・直接続編・直接的な物語前提など、選択作品の本筋として再帰的に辿る接続。,Character/franchise lineage; avoid claiming a simple unbroken timeline.,structure-reviewed,IDs・重複・自己ループ・方向グラフ整合を監査。外部根拠は必要な接続のみ別途確認。,,2026-08-26,,medium,internal-structure,story,strong,same_or_intended,true,true,true,legacy-structured,,sequel,minimum,本筋・直接続編・強い前提として、最低限プランで再帰的に辿る。,legacy-importance-reviewed,reviewed-v4,2026-08-26
blade-1998-1998 -> blade-ii-2002,blade-1998-1998,ブレイド,blade-ii-2002,ブレイド2,直接の続編,direct sequel,very strong,solid_thick,core,中核,同系列・直接続編・直接的な物語前提など、選択作品の本筋として再帰的に辿る接続。,Blade legacy trilogy.,structure-reviewed,IDs・重複・自己ループ・方向グラフ整合を監査。外部根拠は必要な接続のみ別途確認。,,2026-08-26,,high,internal-structure,story,direct,same_or_intended,true,true,true,legacy-structured,,sequel,minimum,本筋・直接続編・強い前提として、最低限プランで再帰的に辿る。,legacy-importance-reviewed,reviewed-v4,2026-08-26
blade-ii-2002 -> blade-trinity-2004,blade-ii-2002,ブレイド2,blade-trinity-2004,ブレイド3,直接の続編,direct sequel,very strong,solid_thick,core,中核,同系列・直接続編・直接的な物語前提など、選択作品の本筋として再帰的に辿る接続。,Blade legacy trilogy.,structure-reviewed,IDs・重複・自己ループ・方向グラフ整合を監査。外部根拠は必要な接続のみ別途確認。,,2026-08-26,,high,internal-structure,story,direct,same_or_intended,true,true,true,legacy-structured,,sequel,minimum,本筋・直接続編・強い前提として、最低限プランで再帰的に辿る。,legacy-importance-reviewed,reviewed-v4,2026-08-26
daredevil-2003 -> elektra-2005,daredevil-2003,デアデビル（2003）,elektra-2005,エレクトラ,キャラクターのスピンオフ,character spin-off,strong,solid,core,中核,同系列・直接続編・直接的な物語前提など、選択作品の本筋として再帰的に辿る接続。,Elektra spins out of the 2003 Daredevil film continuity.,structure-reviewed,IDs・重複・自己ループ・方向グラフ整合を監査。外部根拠は必要な接続のみ別途確認。,,2026-08-26,,medium,internal-structure,story,strong,same_or_intended,true,true,true,legacy-structured,,spinoff,minimum,本筋・直接続編・強い前提として、最低限プランで再帰的に辿る。,legacy-importance-reviewed,reviewed-v4,2026-08-26
fantastic-four-2005 -> fantastic-four-rise-of-the-silver-surfer-2007,fantastic-four-2005,ファンタスティック・フォー ［超能力ユニット］,fantastic-four-rise-of-the-silver-surfer-2007,ファンタスティック・フォー：銀河の危機,直接の続編,direct sequel,very strong,solid_thick,core,中核,同系列・直接続編・直接的な物語前提など、選択作品の本筋として再帰的に辿る接続。,Fox Fantastic Four film line.,structure-reviewed,IDs・重複・自己ループ・方向グラフ整合を監査。外部根拠は必要な接続のみ別途確認。,,2026-08-26,,high,internal-structure,story,direct,same_or_intended,true,true,true,legacy-structured,,sequel,minimum,本筋・直接続編・強い前提として、最低限プランで再帰的に辿る。,legacy-importance-reviewed,reviewed-v4,2026-08-26
the-incredible-hulk-2008 -> the-avengers-2012,the-incredible-hulk-2008,インクレディブル・ハルク,the-avengers-2012,アベンジャーズ,ハルクのアベンジャーズ合流,reaudit connection,strong,solid,recommended,推奨,理解を助ける重要なクロスオーバー／人物・イベント継続。選択作品へ直接1段だけ付加し、ここからは再帰伝播しない。,ブルース・バナー／ハルクが次にアベンジャーズの主要メンバーとして合流。,structure-reviewed,IDs・重複・自己ループ・方向グラフ整合を監査。外部根拠は必要な接続のみ別途確認。,,2026-08-26,,medium,internal-structure,story,indirect,same_or_intended,true,false,true,legacy-structured,,crossover,recommended,理解や人物関係を大きく補強するため、おすすめプランで追加する。,legacy-importance-reviewed,reviewed-v4,2026-08-26
the-incredible-hulk-2008 -> the-consultant-2011,the-incredible-hulk-2008,インクレディブル・ハルク,the-consultant-2011,ザ・コンサルタント,ポストクレジット場面の補完,reaudit connection,very strong,solid_thick,core,中核,同系列・直接続編・直接的な物語前提など、選択作品の本筋として再帰的に辿る接続。,ワンショットが『インクレディブル・ハルク』終盤のロス／スターク周辺を補完。,structure-reviewed,IDs・重複・自己ループ・方向グラフ整合を監査。外部根拠は必要な接続のみ別途確認。,,2026-08-26,,medium,internal-structure,story,direct,same_or_intended,true,true,true,legacy-structured,,story_link,minimum,本筋・直接続編・強い前提として、最低限プランで再帰的に辿る。,legacy-importance-reviewed,reviewed-v4,2026-08-26
the-consultant-2011 -> the-avengers-2012,the-consultant-2011,ザ・コンサルタント,the-avengers-2012,アベンジャーズ,アベンジャーズ計画への橋渡し,reaudit connection,medium,dashed,recommended,推奨,理解を助ける重要なクロスオーバー／人物・イベント継続。選択作品へ直接1段だけ付加し、ここからは再帰伝播しない。,コールソン／フューリー側のアベンジャーズ計画を補助するワンショット。,structure-reviewed,IDs・重複・自己ループ・方向グラフ整合を監査。外部根拠は必要な接続のみ別途確認。,,2026-08-26,,medium,internal-structure,story,indirect,same_or_intended,true,false,true,legacy-structured,,story_link,recommended,理解や人物関係を大きく補強するため、おすすめプランで追加する。,legacy-importance-reviewed,reviewed-v4,2026-08-26
iron-man-2-2010 -> a-funny-thing-happened-on-the-way-to-thor-s-hammer-2011,iron-man-2-2010,アイアンマン2,a-funny-thing-happened-on-the-way-to-thor-s-hammer-2011,ソーのハンマーへの道中での出来事,コールソン移動中の補完,reaudit connection,strong,solid,recommended,推奨,理解を助ける重要なクロスオーバー／人物・イベント継続。選択作品へ直接1段だけ付加し、ここからは再帰伝播しない。,『アイアンマン2』後、コールソンがニューメキシコへ向かう途中の出来事。,structure-reviewed,IDs・重複・自己ループ・方向グラフ整合を監査。外部根拠は必要な接続のみ別途確認。,,2026-08-26,,medium,internal-structure,story,indirect,same_or_intended,true,false,true,legacy-structured,,story_link,recommended,理解や人物関係を大きく補強するため、おすすめプランで追加する。,legacy-importance-reviewed,reviewed-v4,2026-08-26
a-funny-thing-happened-on-the-way-to-thor-s-hammer-2011 -> thor-2011,a-funny-thing-happened-on-the-way-to-thor-s-hammer-2011,ソーのハンマーへの道中での出来事,thor-2011,マイティ・ソー,『マイティ・ソー』直前の橋渡し,reaudit connection,very strong,solid_thick,core,中核,同系列・直接続編・直接的な物語前提など、選択作品の本筋として再帰的に辿る接続。,コールソンがニューメキシコへ向かう流れが『マイティ・ソー』へ接続。,structure-reviewed,IDs・重複・自己ループ・方向グラフ整合を監査。外部根拠は必要な接続のみ別途確認。,,2026-08-26,,medium,internal-structure,story,direct,same_or_intended,true,true,true,legacy-structured,,story_link,minimum,本筋・直接続編・強い前提として、最低限プランで再帰的に辿る。,legacy-importance-reviewed,reviewed-v4,2026-08-26
iron-man-2-2010 -> thor-2011,iron-man-2-2010,アイアンマン2,thor-2011,マイティ・ソー,S.H.I.E.L.D.／コールソンの並行接続,reaudit connection,strong,solid,recommended,推奨,理解を助ける重要なクロスオーバー／人物・イベント継続。選択作品へ直接1段だけ付加し、ここからは再帰伝播しない。,『アイアンマン2』終盤からコールソンのニューメキシコ任務へ連続。,structure-reviewed,IDs・重複・自己ループ・方向グラフ整合を監査。外部根拠は必要な接続のみ別途確認。,,2026-08-26,,medium,internal-structure,world_lore,indirect,same_or_intended,true,false,true,legacy-structured,,world_lore,recommended,理解や人物関係を大きく補強するため、おすすめプランで追加する。,legacy-importance-reviewed,reviewed-v4,2026-08-26
thor-the-dark-world-2013 -> guardians-of-the-galaxy-2014,thor-the-dark-world-2013,マイティ・ソー／ダーク・ワールド,guardians-of-the-galaxy-2014,ガーディアンズ・オブ・ギャラクシー,コレクター／インフィニティ・ストーン接続,reaudit connection,medium,dashed,recommended,推奨,理解を助ける重要なクロスオーバー／人物・イベント継続。選択作品へ直接1段だけ付加し、ここからは再帰伝播しない。,エーテルをコレクターへ預ける流れが宇宙側・インフィニティ・ストーン枝へ接続。,structure-reviewed,IDs・重複・自己ループ・方向グラフ整合を監査。外部根拠は必要な接続のみ別途確認。,,2026-08-26,,medium,internal-structure,story,indirect,same_or_intended,true,false,true,legacy-structured,,story_link,recommended,理解や人物関係を大きく補強するため、おすすめプランで追加する。,legacy-importance-reviewed,reviewed-v4,2026-08-26
doctor-strange-2016 -> thor-ragnarok-2017,doctor-strange-2016,ドクター・ストレンジ,thor-ragnarok-2017,マイティ・ソー バトルロイヤル,ドクター・ストレンジ客演接続,reaudit connection,strong,solid,reference,参照,客演・設定共有・別宇宙・出演確認などの参照接続。「全線」で表示、表示時も選択作品への直接接続だけ補助点灯。,ストレンジがソーとロキのオーディン捜索に関与。,structure-reviewed,IDs・重複・自己ループ・方向グラフ整合を監査。外部根拠は必要な接続のみ別途確認。,,2026-08-26,,medium,internal-structure,story,indirect,same_or_intended,true,false,false,legacy-structured,,story_link,complete,補助的な人物・世界観・マルチバース・参照関係まで含む完全版で追加する。,legacy-importance-reviewed,reviewed-v4,2026-08-26
avengers-age-of-ultron-2015 -> black-panther-2018,avengers-age-of-ultron-2015,アベンジャーズ／エイジ・オブ・ウルトロン,black-panther-2018,ブラックパンサー,クロウ／ワカンダ設定の先行接続,reaudit connection,medium,dashed,reference,参照,客演・設定共有・別宇宙・出演確認などの参照接続。「全線」で表示、表示時も選択作品への直接接続だけ補助点灯。,ユリシーズ・クロウとワカンダ由来のヴィブラニウム設定が『ブラックパンサー』へ続く。,structure-reviewed,IDs・重複・自己ループ・方向グラフ整合を監査。外部根拠は必要な接続のみ別途確認。,,2026-08-26,,medium,internal-structure,story,indirect,same_or_intended,true,false,false,legacy-structured,,world_lore,complete,補助的な人物・世界観・マルチバース・参照関係まで含む完全版で追加する。,legacy-importance-reviewed,reviewed-v4,2026-08-26
captain-america-civil-war-2016 -> black-panther-2018,captain-america-civil-war-2016,シビル・ウォー／キャプテン・アメリカ,black-panther-2018,ブラックパンサー,ブラックパンサー初登場からの直接継続,reaudit connection,very strong,solid_thick,core,中核,同系列・直接続編・直接的な物語前提など、選択作品の本筋として再帰的に辿る接続。,ティ・チャラ／ワカンダのMCU初登場から単独作へ。,structure-reviewed,IDs・重複・自己ループ・方向グラフ整合を監査。外部根拠は必要な接続のみ別途確認。,,2026-08-26,,medium,internal-structure,story,direct,same_or_intended,true,true,true,legacy-structured,,story_link,minimum,本筋・直接続編・強い前提として、最低限プランで再帰的に辿る。,legacy-importance-reviewed,reviewed-v4,2026-08-26
captain-america-civil-war-2016 -> spider-man-homecoming-2017,captain-america-civil-war-2016,シビル・ウォー／キャプテン・アメリカ,spider-man-homecoming-2017,スパイダーマン：ホームカミング,スパイダーマン初登場からの直接継続,reaudit connection,very strong,solid_thick,core,中核,同系列・直接続編・直接的な物語前提など、選択作品の本筋として再帰的に辿る接続。,ピーターのアベンジャーズ参加経験を受けて『ホームカミング』が始まる。,structure-reviewed,IDs・重複・自己ループ・方向グラフ整合を監査。外部根拠は必要な接続のみ別途確認。,,2026-08-26,,medium,internal-structure,story,direct,same_or_intended,true,true,true,legacy-structured,,story_link,minimum,本筋・直接続編・強い前提として、最低限プランで再帰的に辿る。,legacy-importance-reviewed,reviewed-v4,2026-08-26
captain-america-civil-war-2016 -> black-widow-2021,captain-america-civil-war-2016,シビル・ウォー／キャプテン・アメリカ,black-widow-2021,ブラック・ウィドウ,ナターシャの直接的な後日談,reaudit connection,very strong,solid_thick,core,中核,同系列・直接続編・直接的な物語前提など、選択作品の本筋として再帰的に辿る接続。,『ブラック・ウィドウ』本編は『シビル・ウォー』直後のナターシャを描く。,structure-reviewed,IDs・重複・自己ループ・方向グラフ整合を監査。外部根拠は必要な接続のみ別途確認。,,2026-08-26,,medium,internal-structure,story,direct,same_or_intended,true,true,true,legacy-structured,,aftermath,minimum,本筋・直接続編・強い前提として、最低限プランで再帰的に辿る。,legacy-importance-reviewed,reviewed-v4,2026-08-26
captain-america-civil-war-2016 -> the-falcon-and-the-winter-soldier-2021,captain-america-civil-war-2016,シビル・ウォー／キャプテン・アメリカ,the-falcon-and-the-winter-soldier-2021,ファルコン＆ウィンター・ソルジャー,サム／バッキー関係の前史,reaudit connection,strong,solid,recommended,推奨,理解を助ける重要なクロスオーバー／人物・イベント継続。選択作品へ直接1段だけ付加し、ここからは再帰伝播しない。,サムとバッキーの関係・アベンジャーズ分裂期の前史として接続。,structure-reviewed,IDs・重複・自己ループ・方向グラフ整合を監査。外部根拠は必要な接続のみ別途確認。,,2026-08-26,,medium,internal-structure,character,proxy,same_or_intended,true,false,true,legacy-structured,,character_continuity,recommended,理解や人物関係を大きく補強するため、おすすめプランで追加する。,legacy-importance-reviewed,reviewed-v4,2026-08-26
black-panther-2018 -> avengers-infinity-war-2018,black-panther-2018,ブラックパンサー,avengers-infinity-war-2018,アベンジャーズ／インフィニティ・ウォー,ワカンダ戦への直接合流,reaudit connection,strong,solid,recommended,推奨,理解を助ける重要なクロスオーバー／人物・イベント継続。選択作品へ直接1段だけ付加し、ここからは再帰伝播しない。,ワカンダと主要人物が『インフィニティ・ウォー』終盤の戦いへ直接合流。,structure-reviewed,IDs・重複・自己ループ・方向グラフ整合を監査。外部根拠は必要な接続のみ別途確認。,,2026-08-26,,medium,internal-structure,story,indirect,same_or_intended,true,false,true,legacy-structured,,crossover,recommended,理解や人物関係を大きく補強するため、おすすめプランで追加する。,legacy-importance-reviewed,reviewed-v4,2026-08-26
captain-marvel-2019 -> avengers-endgame-2019,captain-marvel-2019,キャプテン・マーベル,avengers-endgame-2019,アベンジャーズ／エンドゲーム,キャプテン・マーベルのアベンジャーズ合流,reaudit connection,very strong,solid_thick,recommended,推奨,理解を助ける重要なクロスオーバー／人物・イベント継続。選択作品へ直接1段だけ付加し、ここからは再帰伝播しない。,キャロルが『エンドゲーム』でアベンジャーズ側へ合流。,structure-reviewed,IDs・重複・自己ループ・方向グラフ整合を監査。外部根拠は必要な接続のみ別途確認。,,2026-08-26,,medium,internal-structure,story,direct,same_or_intended,true,true,true,legacy-structured,,crossover,recommended,理解や人物関係を大きく補強するため、おすすめプランで追加する。,legacy-importance-reviewed,reviewed-v4,2026-08-26
avengers-endgame-2019 -> wandavision-2021,avengers-endgame-2019,アベンジャーズ／エンドゲーム,wandavision-2021,ワンダヴィジョン,エンドゲーム後のワンダの物語,reaudit connection,strong,solid,recommended,推奨,理解を助ける重要なクロスオーバー／人物・イベント継続。選択作品へ直接1段だけ付加し、ここからは再帰伝播しない。,ヴィジョン喪失と『エンドゲーム』後のワンダが『ワンダヴィジョン』へ続く。,structure-reviewed,IDs・重複・自己ループ・方向グラフ整合を監査。外部根拠は必要な接続のみ別途確認。,,2026-08-26,,medium,internal-structure,story,indirect,same_or_intended,true,false,true,legacy-structured,,story_link,recommended,理解や人物関係を大きく補強するため、おすすめプランで追加する。,legacy-importance-reviewed,reviewed-v4,2026-08-26
avengers-infinity-war-2018 -> wandavision-2021,avengers-infinity-war-2018,アベンジャーズ／インフィニティ・ウォー,wandavision-2021,ワンダヴィジョン,ヴィジョン喪失の直接前提,reaudit connection,very strong,solid_thick,core,中核,同系列・直接続編・直接的な物語前提など、選択作品の本筋として再帰的に辿る接続。,ヴィジョンの死が『ワンダヴィジョン』の中心的前提。,structure-reviewed,IDs・重複・自己ループ・方向グラフ整合を監査。外部根拠は必要な接続のみ別途確認。,,2026-08-26,,medium,internal-structure,story,direct,same_or_intended,true,true,true,legacy-structured,,story_link,minimum,本筋・直接続編・強い前提として、最低限プランで再帰的に辿る。,legacy-importance-reviewed,reviewed-v4,2026-08-26
avengers-age-of-ultron-2015 -> wandavision-2021,avengers-age-of-ultron-2015,アベンジャーズ／エイジ・オブ・ウルトロン,wandavision-2021,ワンダヴィジョン,ワンダ／ヴィジョン関係の起点,reaudit connection,very strong,solid_thick,core,中核,同系列・直接続編・直接的な物語前提など、選択作品の本筋として再帰的に辿る接続。,ワンダとヴィジョンのMCU上の起点。,structure-reviewed,IDs・重複・自己ループ・方向グラフ整合を監査。外部根拠は必要な接続のみ別途確認。,,2026-08-26,,medium,internal-structure,story,direct,same_or_intended,true,true,true,legacy-structured,,story_link,minimum,本筋・直接続編・強い前提として、最低限プランで再帰的に辿る。,legacy-importance-reviewed,reviewed-v4,2026-08-26
captain-america-civil-war-2016 -> wandavision-2021,captain-america-civil-war-2016,シビル・ウォー／キャプテン・アメリカ,wandavision-2021,ワンダヴィジョン,ワンダ／ヴィジョン関係の発展,reaudit connection,strong,solid,recommended,推奨,理解を助ける重要なクロスオーバー／人物・イベント継続。選択作品へ直接1段だけ付加し、ここからは再帰伝播しない。,『シビル・ウォー』で二人の関係とソコヴィア協定下の状況が発展。,structure-reviewed,IDs・重複・自己ループ・方向グラフ整合を監査。外部根拠は必要な接続のみ別途確認。,,2026-08-26,,medium,internal-structure,world_lore,indirect,same_or_intended,true,false,true,legacy-structured,,world_lore,recommended,理解や人物関係を大きく補強するため、おすすめプランで追加する。,legacy-importance-reviewed,reviewed-v4,2026-08-26
thor-the-dark-world-2013 -> wandavision-2021,thor-the-dark-world-2013,マイティ・ソー／ダーク・ワールド,wandavision-2021,ワンダヴィジョン,ダーシー・ルイス再登場,reaudit connection,medium,dashed,reference,参照,客演・設定共有・別宇宙・出演確認などの参照接続。「全線」で表示、表示時も選択作品への直接接続だけ補助点灯。,ダーシーがソー枝から『ワンダヴィジョン』へ再登場。,structure-reviewed,IDs・重複・自己ループ・方向グラフ整合を監査。外部根拠は必要な接続のみ別途確認。,,2026-08-26,,medium,internal-structure,character,proxy,same_or_intended,true,false,false,legacy-structured,,character_continuity,complete,補助的な人物・世界観・マルチバース・参照関係まで含む完全版で追加する。,legacy-importance-reviewed,reviewed-v4,2026-08-26
ant-man-and-the-wasp-2018 -> wandavision-2021,ant-man-and-the-wasp-2018,アントマン＆ワスプ,wandavision-2021,ワンダヴィジョン,ジミー・ウー再登場,reaudit connection,medium,dashed,reference,参照,客演・設定共有・別宇宙・出演確認などの参照接続。「全線」で表示、表示時も選択作品への直接接続だけ補助点灯。,FBI捜査官ジミー・ウーが『ワンダヴィジョン』へ再登場。,structure-reviewed,IDs・重複・自己ループ・方向グラフ整合を監査。外部根拠は必要な接続のみ別途確認。,,2026-08-26,,medium,internal-structure,character,proxy,same_or_intended,true,false,false,legacy-structured,,character_continuity,complete,補助的な人物・世界観・マルチバース・参照関係まで含む完全版で追加する。,legacy-importance-reviewed,reviewed-v4,2026-08-26
captain-marvel-2019 -> wandavision-2021,captain-marvel-2019,キャプテン・マーベル,wandavision-2021,ワンダヴィジョン,モニカ・ランボーの成長後,reaudit connection,strong,solid,recommended,推奨,理解を助ける重要なクロスオーバー／人物・イベント継続。選択作品へ直接1段だけ付加し、ここからは再帰伝播しない。,『キャプテン・マーベル』の少女モニカが成人して再登場。,structure-reviewed,IDs・重複・自己ループ・方向グラフ整合を監査。外部根拠は必要な接続のみ別途確認。,,2026-08-26,,medium,internal-structure,character,proxy,same_or_intended,true,false,true,legacy-structured,,character_continuity,recommended,理解や人物関係を大きく補強するため、おすすめプランで追加する。,legacy-importance-reviewed,reviewed-v4,2026-08-26
avengers-endgame-2019 -> the-falcon-and-the-winter-soldier-2021,avengers-endgame-2019,アベンジャーズ／エンドゲーム,the-falcon-and-the-winter-soldier-2021,ファルコン＆ウィンター・ソルジャー,エンドゲーム後の直接的な継続,reaudit connection,very strong,solid_thick,core,中核,同系列・直接続編・直接的な物語前提など、選択作品の本筋として再帰的に辿る接続。,サムが盾を託された『エンドゲーム』を直接受けるシリーズ。,structure-reviewed,IDs・重複・自己ループ・方向グラフ整合を監査。外部根拠は必要な接続のみ別途確認。,,2026-08-26,,medium,internal-structure,story,direct,same_or_intended,true,true,true,legacy-structured,,story_link,minimum,本筋・直接続編・強い前提として、最低限プランで再帰的に辿る。,legacy-importance-reviewed,reviewed-v4,2026-08-26
avengers-endgame-2019 -> loki-s1-2021,avengers-endgame-2019,アベンジャーズ／エンドゲーム,loki-s1-2021,ロキ シーズン1,タイム強奪から生じた直接分岐,reaudit connection,very strong,solid_thick,core,中核,同系列・直接続編・直接的な物語前提など、選択作品の本筋として再帰的に辿る接続。,『エンドゲーム』の2012年タイム強奪でロキがテッセラクトを奪った分岐から始まる。,structure-reviewed,IDs・重複・自己ループ・方向グラフ整合を監査。外部根拠は必要な接続のみ別途確認。,,2026-08-26,,medium,internal-structure,story,direct,same_or_intended,true,true,true,legacy-structured,,story_link,minimum,本筋・直接続編・強い前提として、最低限プランで再帰的に辿る。,legacy-importance-reviewed,reviewed-v4,2026-08-26
avengers-endgame-2019 -> hawkeye-2021,avengers-endgame-2019,アベンジャーズ／エンドゲーム,hawkeye-2021,ホークアイ,クリント／ナターシャのエンドゲーム後日談,reaudit connection,strong,solid,recommended,推奨,理解を助ける重要なクロスオーバー／人物・イベント継続。選択作品へ直接1段だけ付加し、ここからは再帰伝播しない。,ローニン期とナターシャ喪失を抱えるクリントの後日談。,structure-reviewed,IDs・重複・自己ループ・方向グラフ整合を監査。外部根拠は必要な接続のみ別途確認。,,2026-08-26,,medium,internal-structure,story,indirect,same_or_intended,true,false,true,legacy-structured,,aftermath,recommended,理解や人物関係を大きく補強するため、おすすめプランで追加する。,legacy-importance-reviewed,reviewed-v4,2026-08-26
avengers-endgame-2019 -> eternals-2021,avengers-endgame-2019,アベンジャーズ／エンドゲーム,eternals-2021,エターナルズ,ブリップ後の人口回復が物語を起動,reaudit connection,strong,solid,recommended,推奨,理解を助ける重要なクロスオーバー／人物・イベント継続。選択作品へ直接1段だけ付加し、ここからは再帰伝播しない。,ブリップからの人口回復がエマージェンス進行の前提として語られる。,structure-reviewed,IDs・重複・自己ループ・方向グラフ整合を監査。外部根拠は必要な接続のみ別途確認。,,2026-08-26,,medium,internal-structure,story,indirect,same_or_intended,true,false,true,legacy-structured,,story_link,recommended,理解や人物関係を大きく補強するため、おすすめプランで追加する。,legacy-importance-reviewed,reviewed-v4,2026-08-26
avengers-endgame-2019 -> she-hulk-attorney-at-law-2022,avengers-endgame-2019,アベンジャーズ／エンドゲーム,she-hulk-attorney-at-law-2022,シー・ハルク：ザ・アトーニー,スマート・ハルク状態の継続,reaudit connection,strong,solid,recommended,推奨,理解を助ける重要なクロスオーバー／人物・イベント継続。選択作品へ直接1段だけ付加し、ここからは再帰伝播しない。,ブルースのスマート・ハルク状態と家族関係が『シー・ハルク』へ継続。,structure-reviewed,IDs・重複・自己ループ・方向グラフ整合を監査。外部根拠は必要な接続のみ別途確認。,,2026-08-26,,medium,internal-structure,character,proxy,same_or_intended,true,false,true,legacy-structured,,character_continuity,recommended,理解や人物関係を大きく補強するため、おすすめプランで追加する。,legacy-importance-reviewed,reviewed-v4,2026-08-26
the-incredible-hulk-2008 -> she-hulk-attorney-at-law-2022,the-incredible-hulk-2008,インクレディブル・ハルク,she-hulk-attorney-at-law-2022,シー・ハルク：ザ・アトーニー,ハルク／アボミネーションの再接続,reaudit connection,strong,solid,recommended,推奨,理解を助ける重要なクロスオーバー／人物・イベント継続。選択作品へ直接1段だけ付加し、ここからは再帰伝播しない。,ブルース・バナーとエミル・ブロンスキー／アボミネーションの枝を再接続。,structure-reviewed,IDs・重複・自己ループ・方向グラフ整合を監査。外部根拠は必要な接続のみ別途確認。,,2026-08-26,,medium,internal-structure,character,proxy,same_or_intended,true,false,true,legacy-structured,,character_continuity,recommended,理解や人物関係を大きく補強するため、おすすめプランで追加する。,legacy-importance-reviewed,reviewed-v4,2026-08-26
the-incredible-hulk-2008 -> shang-chi-and-the-legend-of-the-ten-rings-2021,the-incredible-hulk-2008,インクレディブル・ハルク,shang-chi-and-the-legend-of-the-ten-rings-2021,シャン・チー／テン・リングスの伝説,アボミネーション再登場,reaudit connection,medium,dashed,reference,参照,客演・設定共有・別宇宙・出演確認などの参照接続。「全線」で表示、表示時も選択作品への直接接続だけ補助点灯。,アボミネーションがウォンとともに再登場。,structure-reviewed,IDs・重複・自己ループ・方向グラフ整合を監査。外部根拠は必要な接続のみ別途確認。,,2026-08-26,,medium,internal-structure,character,proxy,same_or_intended,true,false,false,legacy-structured,,character_continuity,complete,補助的な人物・世界観・マルチバース・参照関係まで含む完全版で追加する。,legacy-importance-reviewed,reviewed-v4,2026-08-26
shang-chi-and-the-legend-of-the-ten-rings-2021 -> she-hulk-attorney-at-law-2022,shang-chi-and-the-legend-of-the-ten-rings-2021,シャン・チー／テン・リングスの伝説,she-hulk-attorney-at-law-2022,シー・ハルク：ザ・アトーニー,ウォン／アボミネーション継続,reaudit connection,medium,dashed,recommended,推奨,理解を助ける重要なクロスオーバー／人物・イベント継続。選択作品へ直接1段だけ付加し、ここからは再帰伝播しない。,ウォンとブロンスキーの関係が『シー・ハルク』で扱われる。,structure-reviewed,IDs・重複・自己ループ・方向グラフ整合を監査。外部根拠は必要な接続のみ別途確認。,,2026-08-26,,medium,internal-structure,character,proxy,same_or_intended,true,false,true,legacy-structured,,character_continuity,recommended,理解や人物関係を大きく補強するため、おすすめプランで追加する。,legacy-importance-reviewed,reviewed-v4,2026-08-26
the-incredible-hulk-2008 -> captain-america-brave-new-world-2025,the-incredible-hulk-2008,インクレディブル・ハルク,captain-america-brave-new-world-2025,キャプテン・アメリカ：ブレイブ・ニュー・ワールド,ロス／リーダー長期回収,reaudit connection,very strong,solid_thick,recommended,推奨,理解を助ける重要なクロスオーバー／人物・イベント継続。選択作品へ直接1段だけ付加し、ここからは再帰伝播しない。,サディアス・ロスとサミュエル・スターンズ／リーダーを長期的に回収。,structure-reviewed,IDs・重複・自己ループ・方向グラフ整合を監査。外部根拠は必要な接続のみ別途確認。,,2026-08-26,,medium,internal-structure,story,direct,same_or_intended,true,true,true,legacy-structured,,story_link,recommended,理解や人物関係を大きく補強するため、おすすめプランで追加する。,legacy-importance-reviewed,reviewed-v4,2026-08-26
guardians-of-the-galaxy-vol-2-2017 -> i-am-groot-s1-2022,guardians-of-the-galaxy-vol-2-2017,ガーディアンズ・オブ・ギャラクシー：リミックス,i-am-groot-s1-2022,アイ・アム・グルート S1,ベビー・グルート時期の短編継続,reaudit connection,strong,solid,recommended,推奨,理解を助ける重要なクロスオーバー／人物・イベント継続。選択作品へ直接1段だけ付加し、ここからは再帰伝播しない。,ベビー・グルート期の短編群。,structure-reviewed,IDs・重複・自己ループ・方向グラフ整合を監査。外部根拠は必要な接続のみ別途確認。,,2026-08-26,,medium,internal-structure,story,indirect,same_or_intended,true,false,true,legacy-structured,,story_link,recommended,理解や人物関係を大きく補強するため、おすすめプランで追加する。,legacy-importance-reviewed,reviewed-v4,2026-08-26
captain-marvel-2019 -> secret-invasion-2023,captain-marvel-2019,キャプテン・マーベル,secret-invasion-2023,シークレット・インベージョン,フューリー／タロス／スクラル枝の継続,reaudit connection,strong,solid,recommended,推奨,理解を助ける重要なクロスオーバー／人物・イベント継続。選択作品へ直接1段だけ付加し、ここからは再帰伝播しない。,フューリー、タロス、スクラル問題を『キャプテン・マーベル』から引き継ぐ。,structure-reviewed,IDs・重複・自己ループ・方向グラフ整合を監査。外部根拠は必要な接続のみ別途確認。,,2026-08-26,,medium,internal-structure,world_lore,indirect,same_or_intended,true,false,true,legacy-structured,,world_lore,recommended,理解や人物関係を大きく補強するため、おすすめプランで追加する。,legacy-importance-reviewed,reviewed-v4,2026-08-26
secret-invasion-2023 -> the-marvels-2023,secret-invasion-2023,シークレット・インベージョン,the-marvels-2023,マーベルズ,フューリー／スクラル情勢の隣接,reaudit connection,medium,dashed,reference,参照,客演・設定共有・別宇宙・出演確認などの参照接続。「全線」で表示、表示時も選択作品への直接接続だけ補助点灯。,フューリーとスクラルを扱う直近シリーズとして隣接。ただし直接続編とは扱わない。,structure-reviewed,IDs・重複・自己ループ・方向グラフ整合を監査。外部根拠は必要な接続のみ別途確認。,,2026-08-26,,medium,internal-structure,world_lore,indirect,same_or_intended,true,false,false,legacy-structured,,world_lore,complete,補助的な人物・世界観・マルチバース・参照関係まで含む完全版で追加する。,legacy-importance-reviewed,reviewed-v4,2026-08-26
daredevil-s3-2018 -> she-hulk-attorney-at-law-2022,daredevil-s3-2018,デアデビル S3,she-hulk-attorney-at-law-2022,シー・ハルク：ザ・アトーニー,マット・マードック再登場,reaudit connection,strong,solid,reference,参照,客演・設定共有・別宇宙・出演確認などの参照接続。「全線」で表示、表示時も選択作品への直接接続だけ補助点灯。,Netflix期のマット・マードック／デアデビルがMCU側作品へ再登場。,structure-reviewed,IDs・重複・自己ループ・方向グラフ整合を監査。外部根拠は必要な接続のみ別途確認。,,2026-08-26,,medium,internal-structure,character,proxy,same_or_intended,true,false,false,legacy-structured,,character_continuity,complete,補助的な人物・世界観・マルチバース・参照関係まで含む完全版で追加する。,legacy-importance-reviewed,reviewed-v4,2026-08-26
spider-man-no-way-home-2021 -> she-hulk-attorney-at-law-2022,spider-man-no-way-home-2021,スパイダーマン：ノー・ウェイ・ホーム,she-hulk-attorney-at-law-2022,シー・ハルク：ザ・アトーニー,マット・マードックMCU客演の継続,reaudit connection,medium,dashed,reference,参照,客演・設定共有・別宇宙・出演確認などの参照接続。「全線」で表示、表示時も選択作品への直接接続だけ補助点灯。,『ノー・ウェイ・ホーム』で再登場したマットが『シー・ハルク』にも登場。,structure-reviewed,IDs・重複・自己ループ・方向グラフ整合を監査。外部根拠は必要な接続のみ別途確認。,,2026-08-26,,medium,internal-structure,character,proxy,same_or_intended,true,false,false,legacy-structured,,character_continuity,complete,補助的な人物・世界観・マルチバース・参照関係まで含む完全版で追加する。,legacy-importance-reviewed,reviewed-v4,2026-08-26
she-hulk-attorney-at-law-2022 -> daredevil-born-again-s1-2025,she-hulk-attorney-at-law-2022,シー・ハルク：ザ・アトーニー,daredevil-born-again-s1-2025,デアデビル：ボーン・アゲイン S1,デアデビル現行MCU枝への継続,reaudit connection,strong,solid,recommended,推奨,理解を助ける重要なクロスオーバー／人物・イベント継続。選択作品へ直接1段だけ付加し、ここからは再帰伝播しない。,マット／デアデビルの現行MCU客演から『ボーン・アゲイン』へ。,structure-reviewed,IDs・重複・自己ループ・方向グラフ整合を監査。外部根拠は必要な接続のみ別途確認。,,2026-08-26,,medium,internal-structure,story,indirect,same_or_intended,true,false,true,legacy-structured,,story_link,recommended,理解や人物関係を大きく補強するため、おすすめプランで追加する。,legacy-importance-reviewed,reviewed-v4,2026-08-26
the-punisher-s2-2019 -> daredevil-born-again-s1-2025,the-punisher-s2-2019,パニッシャー S2,daredevil-born-again-s1-2025,デアデビル：ボーン・アゲイン S1,フランク・キャッスル再登場,reaudit connection,strong,solid,recommended,推奨,理解を助ける重要なクロスオーバー／人物・イベント継続。選択作品へ直接1段だけ付加し、ここからは再帰伝播しない。,ジョン・バーンサル演じるフランクが『ボーン・アゲイン』へ復帰。,structure-reviewed,IDs・重複・自己ループ・方向グラフ整合を監査。外部根拠は必要な接続のみ別途確認。,,2026-08-26,,medium,internal-structure,character,proxy,same_or_intended,true,false,true,legacy-structured,,character_continuity,recommended,理解や人物関係を大きく補強するため、おすすめプランで追加する。,legacy-importance-reviewed,reviewed-v4,2026-08-26
the-defenders-2017 -> jessica-jones-s2-2018,the-defenders-2017,マーベル／ザ・ディフェンダーズ,jessica-jones-s2-2018,ジェシカ・ジョーンズ S2,ディフェンダーズ後の個別枝,reaudit connection,strong,solid,core,中核,同系列・直接続編・直接的な物語前提など、選択作品の本筋として再帰的に辿る接続。,合流イベント後、ジェシカの個別シリーズへ戻る。,structure-reviewed,IDs・重複・自己ループ・方向グラフ整合を監査。外部根拠は必要な接続のみ別途確認。,,2026-08-26,,medium,internal-structure,story,strong,same_or_intended,true,true,true,legacy-structured,,story_link,minimum,本筋・直接続編・強い前提として、最低限プランで再帰的に辿る。,legacy-importance-reviewed,reviewed-v4,2026-08-26
the-defenders-2017 -> luke-cage-s2-2018,the-defenders-2017,マーベル／ザ・ディフェンダーズ,luke-cage-s2-2018,ルーク・ケイジ S2,ディフェンダーズ後の個別枝,reaudit connection,strong,solid,core,中核,同系列・直接続編・直接的な物語前提など、選択作品の本筋として再帰的に辿る接続。,合流イベント後、ルークの個別シリーズへ戻る。,structure-reviewed,IDs・重複・自己ループ・方向グラフ整合を監査。外部根拠は必要な接続のみ別途確認。,,2026-08-26,,medium,internal-structure,story,strong,same_or_intended,true,true,true,legacy-structured,,story_link,minimum,本筋・直接続編・強い前提として、最低限プランで再帰的に辿る。,legacy-importance-reviewed,reviewed-v4,2026-08-26
the-defenders-2017 -> iron-fist-s2-2018,the-defenders-2017,マーベル／ザ・ディフェンダーズ,iron-fist-s2-2018,アイアン・フィスト S2,ディフェンダーズ後の個別枝,reaudit connection,strong,solid,core,中核,同系列・直接続編・直接的な物語前提など、選択作品の本筋として再帰的に辿る接続。,合流イベント後、ダニーの個別シリーズへ戻る。,structure-reviewed,IDs・重複・自己ループ・方向グラフ整合を監査。外部根拠は必要な接続のみ別途確認。,,2026-08-26,,medium,internal-structure,story,strong,same_or_intended,true,true,true,legacy-structured,,story_link,minimum,本筋・直接続編・強い前提として、最低限プランで再帰的に辿る。,legacy-importance-reviewed,reviewed-v4,2026-08-26
agent-carter-one-shot-2013 -> marvel-s-agent-carter-series-20152016,agent-carter-one-shot-2013,エージェント・カーター（ワンショット）,marvel-s-agent-carter-series-20152016,エージェント・カーター（ドラマ）,エージェント・カーター映像枝,reaudit connection,medium,dashed,core,中核,同系列・直接続編・直接的な物語前提など、選択作品の本筋として再帰的に辿る接続。,ペギー・カーターを中心とするワンショットからドラマシリーズへの同人物枝。,structure-reviewed,IDs・重複・自己ループ・方向グラフ整合を監査。外部根拠は必要な接続のみ別途確認。,,2026-08-26,,medium,internal-structure,story,strong,same_or_intended,true,true,true,legacy-structured,,story_link,minimum,本筋・直接続編・強い前提として、最低限プランで再帰的に辿る。,legacy-importance-reviewed,reviewed-v4,2026-08-26
marvel-s-agent-carter-series-20152016 -> agents-of-s-h-i-e-l-d-20132020,marvel-s-agent-carter-series-20152016,エージェント・カーター（ドラマ）,agents-of-s-h-i-e-l-d-20132020,エージェント・オブ・シールド,ダニエル・スーザ再登場,reaudit connection,strong,solid,reference,参照,客演・設定共有・別宇宙・出演確認などの参照接続。「全線」で表示、表示時も選択作品への直接接続だけ補助点灯。,『エージェント・カーター』のダニエル・スーザが『エージェント・オブ・シールド』へ登場。,structure-reviewed,IDs・重複・自己ループ・方向グラフ整合を監査。外部根拠は必要な接続のみ別途確認。,,2026-08-26,,medium,internal-structure,character,proxy,uncertain_legacy_tv,true,false,false,legacy-structured,,character_continuity,complete,補助的な人物・世界観・マルチバース・参照関係まで含む完全版で追加する。,legacy-importance-reviewed,reviewed-v4,2026-08-26
the-avengers-2012 -> agents-of-s-h-i-e-l-d-20132020,the-avengers-2012,アベンジャーズ,agents-of-s-h-i-e-l-d-20132020,エージェント・オブ・シールド,コールソン／S.H.I.E.L.D.のTV枝,reaudit connection,strong,solid,recommended,推奨,理解を助ける重要なクロスオーバー／人物・イベント継続。選択作品へ直接1段だけ付加し、ここからは再帰伝播しない。,『アベンジャーズ』後のコールソンとS.H.I.E.L.D.を起点とするTV枝。,structure-reviewed,IDs・重複・自己ループ・方向グラフ整合を監査。外部根拠は必要な接続のみ別途確認。,,2026-08-26,,medium,internal-structure,world_lore,indirect,uncertain_legacy_tv,true,false,true,legacy-structured,,world_lore,recommended,理解や人物関係を大きく補強するため、おすすめプランで追加する。,legacy-importance-reviewed,reviewed-v4,2026-08-26
thor-the-dark-world-2013 -> agents-of-s-h-i-e-l-d-20132020,thor-the-dark-world-2013,マイティ・ソー／ダーク・ワールド,agents-of-s-h-i-e-l-d-20132020,エージェント・オブ・シールド,『ダーク・ワールド』事件のTV連動,reaudit connection,medium,dashed,reference,参照,客演・設定共有・別宇宙・出演確認などの参照接続。「全線」で表示、表示時も選択作品への直接接続だけ補助点灯。,映画事件を受けたエピソード連動。,structure-reviewed,IDs・重複・自己ループ・方向グラフ整合を監査。外部根拠は必要な接続のみ別途確認。,,2026-08-26,,medium,internal-structure,story,indirect,uncertain_legacy_tv,true,false,false,legacy-structured,,story_link,complete,補助的な人物・世界観・マルチバース・参照関係まで含む完全版で追加する。,legacy-importance-reviewed,reviewed-v4,2026-08-26
captain-america-the-winter-soldier-2014 -> agents-of-s-h-i-e-l-d-20132020,captain-america-the-winter-soldier-2014,キャプテン・アメリカ／ウィンター・ソルジャー,agents-of-s-h-i-e-l-d-20132020,エージェント・オブ・シールド,S.H.I.E.L.D.崩壊の直接連動,reaudit connection,very strong,solid_thick,core,中核,同系列・直接続編・直接的な物語前提など、選択作品の本筋として再帰的に辿る接続。,HYDRA暴露とS.H.I.E.L.D.崩壊がTVシリーズへ直接波及。,structure-reviewed,IDs・重複・自己ループ・方向グラフ整合を監査。外部根拠は必要な接続のみ別途確認。,,2026-08-26,,medium,internal-structure,world_lore,direct,uncertain_legacy_tv,true,false,true,legacy-structured,,world_lore,minimum,本筋・直接続編・強い前提として、最低限プランで再帰的に辿る。,legacy-importance-reviewed,reviewed-v4,2026-08-26
avengers-age-of-ultron-2015 -> agents-of-s-h-i-e-l-d-20132020,avengers-age-of-ultron-2015,アベンジャーズ／エイジ・オブ・ウルトロン,agents-of-s-h-i-e-l-d-20132020,エージェント・オブ・シールド,エイジ・オブ・ウルトロン期の相互補助,reaudit connection,medium,dashed,reference,参照,客演・設定共有・別宇宙・出演確認などの参照接続。「全線」で表示、表示時も選択作品への直接接続だけ補助点灯。,Theta Protocol等で映画イベントとTV側が補助的に接続。現行MCU正史断定とは分離。,structure-reviewed,IDs・重複・自己ループ・方向グラフ整合を監査。外部根拠は必要な接続のみ別途確認。,,2026-08-26,,medium,internal-structure,world_lore,indirect,uncertain_legacy_tv,true,false,false,legacy-structured,,world_lore,complete,補助的な人物・世界観・マルチバース・参照関係まで含む完全版で追加する。,legacy-importance-reviewed,reviewed-v4,2026-08-26
cloak-dagger-20182019 -> runaways-20172019,cloak-dagger-20182019,クローク＆ダガー,runaways-20172019,ランナウェイズ,公式クロスオーバー,reaudit connection,very strong,solid_thick,core,中核,同系列・直接続編・直接的な物語前提など、選択作品の本筋として再帰的に辿る接続。,クローク＆ダガーが『ランナウェイズ』シーズン3に直接登場する公式クロスオーバー。,structure-reviewed,IDs・重複・自己ループ・方向グラフ整合を監査。外部根拠は必要な接続のみ別途確認。,,2026-08-26,,medium,internal-structure,crossover,direct,uncertain_legacy_tv,true,true,true,legacy-structured,,crossover,minimum,本筋・直接続編・強い前提として、最低限プランで再帰的に辿る。,legacy-importance-reviewed,reviewed-v4,2026-08-26
venom-2018 -> venom-let-there-be-carnage-2021,venom-2018,ヴェノム,venom-let-there-be-carnage-2021,ヴェノム：レット・ゼア・ビー・カーネイジ,ヴェノム直系の続編,reaudit connection,very strong,solid_thick,core,中核,同系列・直接続編・直接的な物語前提など、選択作品の本筋として再帰的に辿る接続。,ソニー公式が『ヴェノム』の続編として位置づける。,structure-reviewed,IDs・重複・自己ループ・方向グラフ整合を監査。外部根拠は必要な接続のみ別途確認。,,2026-08-26,,medium,internal-structure,story,direct,same_or_intended,true,true,true,legacy-structured,,sequel,minimum,本筋・直接続編・強い前提として、最低限プランで再帰的に辿る。,legacy-importance-reviewed,reviewed-v4,2026-08-26
venom-let-there-be-carnage-2021 -> venom-the-last-dance-2024,venom-let-there-be-carnage-2021,ヴェノム：レット・ゼア・ビー・カーネイジ,venom-the-last-dance-2024,ヴェノム：ザ・ラストダンス,ヴェノム三部作の続編,reaudit connection,very strong,solid_thick,core,中核,同系列・直接続編・直接的な物語前提など、選択作品の本筋として再帰的に辿る接続。,ヴェノム映画シリーズ第3作・三部作の完結編。,structure-reviewed,IDs・重複・自己ループ・方向グラフ整合を監査。外部根拠は必要な接続のみ別途確認。,,2026-08-26,,medium,internal-structure,story,direct,same_or_intended,true,true,true,legacy-structured,,story_link,minimum,本筋・直接続編・強い前提として、最低限プランで再帰的に辿る。,legacy-importance-reviewed,reviewed-v4,2026-08-26
spider-man-into-the-spider-verse-2018 -> spider-man-across-the-spider-verse-2023,spider-man-into-the-spider-verse-2018,スパイダーマン：スパイダーバース,spider-man-across-the-spider-verse-2023,スパイダーマン：アクロス・ザ・スパイダーバース,スパイダーバース直系の続編,reaudit connection,very strong,solid_thick,core,中核,同系列・直接続編・直接的な物語前提など、選択作品の本筋として再帰的に辿る接続。,『スパイダーバース』の次章／続編。,structure-reviewed,IDs・重複・自己ループ・方向グラフ整合を監査。外部根拠は必要な接続のみ別途確認。,,2026-08-26,,medium,internal-structure,story,direct,same_or_intended,true,true,true,legacy-structured,,sequel,minimum,本筋・直接続編・強い前提として、最低限プランで再帰的に辿る。,legacy-importance-reviewed,reviewed-v4,2026-08-26
spider-man-across-the-spider-verse-2023 -> spider-man-beyond-the-spider-verse-tba,spider-man-across-the-spider-verse-2023,スパイダーマン：アクロス・ザ・スパイダーバース,spider-man-beyond-the-spider-verse-tba,スパイダーマン：ビヨンド・ザ・スパイダーバース,スパイダーバース三部作の継続,reaudit connection,strong,solid,core,中核,同系列・直接続編・直接的な物語前提など、選択作品の本筋として再帰的に辿る接続。,三部作の次作として発表済み。,structure-reviewed,IDs・重複・自己ループ・方向グラフ整合を監査。外部根拠は必要な接続のみ別途確認。,,2026-08-26,,high,internal-structure,story,strong,same_or_intended,true,true,true,legacy-structured,,sequel,minimum,本筋・直接続編・強い前提として、最低限プランで再帰的に辿る。,legacy-importance-reviewed,reviewed-v4,2026-08-26
x-men-the-last-stand-2006 -> the-wolverine-2013,x-men-the-last-stand-2006,X-MEN：ファイナル ディシジョン,the-wolverine-2013,ウルヴァリン：SAMURAI,ローガンの直接的後日談,reaudit connection,very strong,solid_thick,core,中核,同系列・直接続編・直接的な物語前提など、選択作品の本筋として再帰的に辿る接続。,ジーンの死を引きずるローガンを描き、旧X-MEN三部作の後日談として接続。,structure-reviewed,IDs・重複・自己ループ・方向グラフ整合を監査。外部根拠は必要な接続のみ別途確認。,,2026-08-26,,medium,internal-structure,story,direct,same_or_intended,true,true,true,legacy-structured,,aftermath,minimum,本筋・直接続編・強い前提として、最低限プランで再帰的に辿る。,legacy-importance-reviewed,reviewed-v4,2026-08-26
the-wolverine-2013 -> x-men-days-of-future-past-2014,the-wolverine-2013,ウルヴァリン：SAMURAI,x-men-days-of-future-past-2014,X-MEN：フューチャー＆パスト,ポストクレジットからの直接接続,reaudit connection,very strong,solid_thick,core,中核,同系列・直接続編・直接的な物語前提など、選択作品の本筋として再帰的に辿る接続。,マグニートー／プロフェッサーXの登場で『フューチャー＆パスト』へ橋渡し。,structure-reviewed,IDs・重複・自己ループ・方向グラフ整合を監査。外部根拠は必要な接続のみ別途確認。,,2026-08-26,,medium,internal-structure,story,direct,same_or_intended,true,true,true,legacy-structured,,lead_in,minimum,本筋・直接続編・強い前提として、最低限プランで再帰的に辿る。,legacy-importance-reviewed,reviewed-v4,2026-08-26
x-men-the-last-stand-2006 -> x-men-days-of-future-past-2014,x-men-the-last-stand-2006,X-MEN：ファイナル ディシジョン,x-men-days-of-future-past-2014,X-MEN：フューチャー＆パスト,旧時間軸の前提,reaudit connection,strong,solid,recommended,推奨,理解を助ける重要なクロスオーバー／人物・イベント継続。選択作品へ直接1段だけ付加し、ここからは再帰伝播しない。,『フューチャー＆パスト』未来側は旧三部作の人物・状況を引き継ぐ。,structure-reviewed,IDs・重複・自己ループ・方向グラフ整合を監査。外部根拠は必要な接続のみ別途確認。,,2026-08-26,,medium,internal-structure,story,indirect,same_or_intended,true,false,true,legacy-structured,,story_link,recommended,理解や人物関係を大きく補強するため、おすすめプランで追加する。,legacy-importance-reviewed,reviewed-v4,2026-08-26
avengers-age-of-ultron-2015 -> visionquest-2026-10-14,avengers-age-of-ultron-2015,アベンジャーズ／エイジ・オブ・ウルトロン,visionquest-2026-10-14,VisionQuest （邦題未発表）,ウルトロン／ヴィジョン起点の回収,reaudit connection,strong,solid,recommended,推奨,理解を助ける重要なクロスオーバー／人物・イベント継続。選択作品へ直接1段だけ付加し、ここからは再帰伝播しない。,ジェームズ・スペイダーのウルトロン復帰とヴィジョンの起点を回収。,web-verified,"Marvel confirms James Spader returns as Ultron; Age of Ultron remains the Ultron/Vision origin context, but is recommended rather than minimum.",https://www.marvel.com/articles/tv-shows/marvel-television-visionquest-release-date?pubDate=20260513,2026-08-26,,high,official-marvel,story,indirect,same_or_intended,true,false,true,web/primary,,story_link,recommended,理解や人物関係を大きく補強するため、おすすめプランで追加する。,legacy-importance-reviewed,reviewed-v4,2026-08-26
avengers-endgame-2019 -> avengers-doomsday-2026-12-18,avengers-endgame-2019,アベンジャーズ／エンドゲーム,avengers-doomsday-2026-12-18,アベンジャーズ／ドゥームズデイ,公式プロモーション上の重要前史,reaudit connection,medium,dashed,recommended,推奨,理解を助ける重要なクロスオーバー／人物・イベント継続。選択作品へ直接1段だけ付加し、ここからは再帰伝播しない。,日本公式がDoomsday公開前にEndgame: Encoreを再上映。直接前日譚とは扱わない。,web-verified,日本公式Doomsday公開記念Endgame再上映。,https://marvel.disney.co.jp/movie/avengers-doomsday/news/20260730_01,2026-08-26,,medium,official-marvel-jp,story,indirect,same_or_intended,true,false,true,official-story-guidance,,story_link,recommended,理解や人物関係を大きく補強するため、おすすめプランで追加する。,legacy-importance-reviewed,reviewed-v4,2026-08-26
thor-love-and-thunder-2022 -> avengers-doomsday-2026-12-18,thor-love-and-thunder-2022,ソー：ラブ＆サンダー,avengers-doomsday-2026-12-18,アベンジャーズ／ドゥームズデイ,ソー帰還確認,reaudit connection,medium,dashed,recommended,推奨,理解を助ける重要なクロスオーバー／人物・イベント継続。選択作品へ直接1段だけ付加し、ここからは再帰伝播しない。,日本公式がソーの帰還を明示。直接前日譚ではなく出演・帰還レイヤー。,web-verified,日本公式Doomsdayページの帰還ティザー。元作品はキャラクター枝の代表作で、直接続編ではない。,https://marvel.disney.co.jp/movie/avengers-doomsday/news/20260726_01,2026-08-26,キャラクター帰還proxy edge。direct sequelではない。,medium,official-marvel-jp,character,proxy,uncertain_return_continuity,true,false,false,official-cast,Thor return,character_continuity,recommended,理解や人物関係を大きく補強するため、おすすめプランで追加する。,legacy-importance-reviewed,reviewed-v4,2026-08-26
black-panther-wakanda-forever-2022 -> avengers-doomsday-2026-12-18,black-panther-wakanda-forever-2022,ブラックパンサー／ワカンダ・フォーエバー,avengers-doomsday-2026-12-18,アベンジャーズ／ドゥームズデイ,ワカンダ勢帰還確認,reaudit connection,medium,dashed,recommended,推奨,理解を助ける重要なクロスオーバー／人物・イベント継続。選択作品へ直接1段だけ付加し、ここからは再帰伝播しない。,日本公式がワカンダの帰還を明示し、シュリ／M’バク／ネイモアも出演確認。,web-verified,日本公式Doomsdayページの帰還ティザー。元作品はキャラクター枝の代表作で、直接続編ではない。,https://marvel.disney.co.jp/movie/avengers-doomsday/news/20260726_01,2026-08-26,キャラクター帰還proxy edge。direct sequelではない。,medium,official-marvel-jp,character,proxy,uncertain_return_continuity,true,false,false,official-cast,Wakanda cast return,character_continuity,recommended,理解や人物関係を大きく補強するため、おすすめプランで追加する。,legacy-importance-reviewed,reviewed-v4,2026-08-26
ant-man-and-the-wasp-quantumania-2023 -> avengers-doomsday-2026-12-18,ant-man-and-the-wasp-quantumania-2023,アントマン＆ワスプ：クアントマニア,avengers-doomsday-2026-12-18,アベンジャーズ／ドゥームズデイ,公式プロモーション上の関連作,official promotional related title,medium,dashed,recommended,推奨,理解を助ける重要なクロスオーバー／人物・イベント継続。選択作品へ直接1段だけ付加し、ここからは再帰伝播しない。,日本公式のDoomsday公開記念関連13作品に含まれる。直接前日譚・出演確認の根拠とは分離。,web-verified,"Marvel Japan lists this title in a 13-title Doomsday release campaign; this is promotional relevance, not direct story continuity.",https://marvel.disney.co.jp/movie/news/20260729_01,2026-08-26,direct sequelではなく公式プロモーション上の関連・予習候補。,high,official-marvel-jp,promotion,promotional,promotional,false,false,true,official-promo,公式関連13作品。直接物語接続とは別。,promotion,complete,公式の関連作品・予習企画として有用だが、物語上の必須前提とはみなさない。完全版のみ。,semantic-override:promotion,reviewed-v4,2026-08-26
captain-america-brave-new-world-2025 -> avengers-doomsday-2026-12-18,captain-america-brave-new-world-2025,キャプテン・アメリカ：ブレイブ・ニュー・ワールド,avengers-doomsday-2026-12-18,アベンジャーズ／ドゥームズデイ,公式プロモーション上の関連作,official promotional related title,medium,dashed,recommended,推奨,理解を助ける重要なクロスオーバー／人物・イベント継続。選択作品へ直接1段だけ付加し、ここからは再帰伝播しない。,日本公式のDoomsday公開記念関連13作品に含まれる。直接前日譚・出演確認の根拠とは分離。,web-verified,"Marvel Japan lists this title in a 13-title Doomsday release campaign; this is promotional relevance, not direct story continuity.",https://marvel.disney.co.jp/movie/news/20260729_01,2026-08-26,direct sequelではなく公式プロモーション上の関連・予習候補。,high,official-marvel-jp,promotion,promotional,promotional,false,false,true,official-promo,公式関連13作品。直接物語接続とは別。,promotion,complete,公式の関連作品・予習企画として有用だが、物語上の必須前提とはみなさない。完全版のみ。,semantic-override:promotion,reviewed-v4,2026-08-26
shang-chi-and-the-legend-of-the-ten-rings-2021 -> avengers-doomsday-2026-12-18,shang-chi-and-the-legend-of-the-ten-rings-2021,シャン・チー／テン・リングスの伝説,avengers-doomsday-2026-12-18,アベンジャーズ／ドゥームズデイ,公式プロモーション上の関連作,official promotional related title,medium,dashed,recommended,推奨,理解を助ける重要なクロスオーバー／人物・イベント継続。選択作品へ直接1段だけ付加し、ここからは再帰伝播しない。,日本公式のDoomsday公開記念関連13作品に含まれる。直接前日譚・出演確認の根拠とは分離。,web-verified,"Marvel Japan lists this title in a 13-title Doomsday release campaign; this is promotional relevance, not direct story continuity.",https://marvel.disney.co.jp/movie/news/20260729_01,2026-08-26,direct sequelではなく公式プロモーション上の関連・予習候補。,high,official-marvel-jp,promotion,promotional,promotional,false,false,true,official-promo,公式関連13作品。直接物語接続とは別。,promotion,complete,公式の関連作品・予習企画として有用だが、物語上の必須前提とはみなさない。完全版のみ。,semantic-override:promotion,reviewed-v4,2026-08-26
thunderbolts-new-avengers-2025 -> avengers-doomsday-2026-12-18,thunderbolts-new-avengers-2025,サンダーボルツ*,avengers-doomsday-2026-12-18,アベンジャーズ／ドゥームズデイ,公式に接続が示された前段,officially signposted lead-in,strong,solid,recommended,推奨,理解を助ける重要なクロスオーバー／人物・イベント継続。選択作品へ直接1段だけ付加し、ここからは再帰伝播しない。,日本公式がサンダーボルツ*をDoomsdayにつながる見逃せない一作と明示。,web-verified,Marvel Japan states the Thunderbolts* members are joining Doomsday and calls the film a key turning point.,https://marvel.disney.co.jp/movie/thunderbolts/news/20250430_04,2026-08-26,,high,official-marvel-jp,story,strong,same_or_intended,true,true,true,official-story,,lead_in,minimum,Marvel Japan calls Thunderbolts* a key turning point/important title leading into Doomsday and confirms team participation.,manual-evidence-override,reviewed-v4,2026-08-26
marvel-s-agent-carter-series-20152016 -> avengers-doomsday-2026-12-18,marvel-s-agent-carter-series-20152016,エージェント・カーター（ドラマ）,avengers-doomsday-2026-12-18,アベンジャーズ／ドゥームズデイ,ペギー・カーター帰還確認,reaudit connection,medium,dotted,reference,参照,客演・設定共有・別宇宙・出演確認などの参照接続。「全線」で表示、表示時も選択作品への直接接続だけ補助点灯。,ヘイリー・アトウェル／ペギー・カーターの出演確認。どの時点・変異体かは未確定。,web-verified,Marvel Japan SDCC 2026公式記事で対象キャラクター／旧X-MenキャストのDoomsday出演を確認。作品edgeは代表prior-workのproxy。,https://marvel.disney.co.jp/movie/avengers-doomsday/news/20260726_01,2026-08-26,直接続編ではない。relation_scope=character / directness=proxy を厳守。,high,official-marvel-jp,character,proxy,uncertain_return_continuity,true,false,false,official-cast,Peggy Carter return; Agent Carter is representative prior work,character_continuity,complete,補助的な人物・世界観・マルチバース・参照関係まで含む完全版で追加する。,legacy-importance-reviewed,reviewed-v4,2026-08-26
x-men-the-last-stand-2006 -> avengers-doomsday-2026-12-18,x-men-the-last-stand-2006,X-MEN：ファイナル ディシジョン,avengers-doomsday-2026-12-18,アベンジャーズ／ドゥームズデイ,旧X-MEN俳優陣の帰還確認,reaudit connection,medium,dotted,reference,参照,客演・設定共有・別宇宙・出演確認などの参照接続。「全線」で表示、表示時も選択作品への直接接続だけ補助点灯。,サイクロップス、ビースト、ミスティーク等の旧X-MEN俳優陣が出演確認。旧映画からの直接続編とは断定しない。,web-verified,Marvel Japan SDCC 2026公式記事で対象キャラクター／旧X-MenキャストのDoomsday出演を確認。作品edgeは代表prior-workのproxy。,https://marvel.disney.co.jp/movie/avengers-doomsday/news/20260726_01,2026-08-26,直接続編ではない。relation_scope=character / directness=proxy を厳守。,high,official-marvel-jp,character,proxy,uncertain_return_continuity,true,false,false,official-cast,Cyclops/Beast/Mystique legacy cast return; Last Stand is representative prior work,character_continuity,complete,補助的な人物・世界観・マルチバース・参照関係まで含む完全版で追加する。,legacy-importance-reviewed,reviewed-v4,2026-08-26
the-marvels-2023 -> avengers-doomsday-2026-12-18,the-marvels-2023,マーベルズ,avengers-doomsday-2026-12-18,アベンジャーズ／ドゥームズデイ,X-MEN橋渡し／公式関連作,reaudit connection,medium,dotted,recommended,推奨,理解を助ける重要なクロスオーバー／人物・イベント継続。選択作品へ直接1段だけ付加し、ここからは再帰伝播しない。,The Marvels終盤のBeastをX-MEN橋渡しとして参照。加えて日本公式Doomsday関連13作品に含まれる。直接続編とはしない。,web-verified,日本公式Doomsday関連作企画＋作品内Beast登場。,https://marvel.disney.co.jp/movie/news/20260729_01,2026-08-26,,medium,official-promo+onscreen,story,indirect,same_or_intended,true,false,true,web/primary,,story_link,recommended,理解や人物関係を大きく補強するため、おすすめプランで追加する。,legacy-importance-reviewed,reviewed-v4,2026-08-26
thor-2011 -> thor-the-dark-world-2013,thor-2011,マイティ・ソー,thor-the-dark-world-2013,マイティ・ソー／ダーク・ワールド,シリーズ直系の続編,direct franchise sequel,very strong,solid_thick,core,中核,同系列・直接続編・直接的な物語前提など、選択作品の本筋として再帰的に辿る接続。,『マイティ・ソー』から同じThor/Loki/Asgard枝を引き継ぐ直接続編。『アベンジャーズ』を挟むが、ソー単独シリーズの直系接続として表示。,structure-reviewed,IDs・重複・自己ループ・方向グラフ整合を監査。外部根拠は必要な接続のみ別途確認。,,2026-08-26,,high,internal-structure,story,direct,same_or_intended,true,true,true,legacy-structured,,sequel,minimum,本筋・直接続編・強い前提として、最低限プランで再帰的に辿る。,legacy-importance-reviewed,reviewed-v4,2026-08-26
the-avengers-2012 -> iron-man-3-2013,the-avengers-2012,アベンジャーズ,iron-man-3-2013,アイアンマン3,ニューヨーク決戦の後日談,Battle of New York aftermath,strong,solid,recommended,推奨,理解を助ける重要なクロスオーバー／人物・イベント継続。選択作品へ直接1段だけ付加し、ここからは再帰伝播しない。,『アイアンマン3』のTony Starkは『アベンジャーズ』ニューヨーク決戦の体験を引きずっており、Phase 1イベントの明確な後日談として機能する。,structure-reviewed,IDs・重複・自己ループ・方向グラフ整合を監査。外部根拠は必要な接続のみ別途確認。,,2026-08-26,,medium,internal-structure,story,indirect,same_or_intended,true,false,true,legacy-structured,,aftermath,recommended,理解や人物関係を大きく補強するため、おすすめプランで追加する。,legacy-importance-reviewed,reviewed-v4,2026-08-26
iron-man-3-2013 -> avengers-age-of-ultron-2015,iron-man-3-2013,アイアンマン3,avengers-age-of-ultron-2015,アベンジャーズ／エイジ・オブ・ウルトロン,トニー・スターク／アベンジャーズ継続,Tony Stark / Avengers continuation,medium,dashed,recommended,推奨,理解を助ける重要なクロスオーバー／人物・イベント継続。選択作品へ直接1段だけ付加し、ここからは再帰伝播しない。,Tony Stark/Iron Manが単独作からAvengersの中心人物として継続。直接続編ではないためmediumで表示。,structure-reviewed,IDs・重複・自己ループ・方向グラフ整合を監査。外部根拠は必要な接続のみ別途確認。,,2026-08-26,,medium,internal-structure,story,indirect,same_or_intended,true,false,true,legacy-structured,,story_link,recommended,理解や人物関係を大きく補強するため、おすすめプランで追加する。,legacy-importance-reviewed,reviewed-v4,2026-08-26
spider-man-far-from-home-2019 -> secret-invasion-2023,spider-man-far-from-home-2019,スパイダーマン：ファー・フロム・ホーム,secret-invasion-2023,シークレット・インベージョン,フューリー／タロス／スクラル継続,Fury/Talos/Skrull continuation,medium,dashed,reference,参照,客演・設定共有・別宇宙・出演確認などの参照接続。「全線」で表示、表示時も選択作品への直接接続だけ補助点灯。,『ファー・フロム・ホーム』でSoren/TalosとFuryの宇宙側状況が示され、『シークレット・インベージョン』でFury/Talos/Skrull問題が主軸になる。直接続編とは断定しない。,structure-reviewed,IDs・重複・自己ループ・方向グラフ整合を監査。外部根拠は必要な接続のみ別途確認。,,2026-08-26,,medium,internal-structure,world_lore,indirect,same_or_intended,true,false,false,legacy-structured,,world_lore,complete,補助的な人物・世界観・マルチバース・参照関係まで含む完全版で追加する。,legacy-importance-reviewed,reviewed-v4,2026-08-26
guardians-of-the-galaxy-2014 -> captain-marvel-2019,guardians-of-the-galaxy-2014,ガーディアンズ・オブ・ギャラクシー,captain-marvel-2019,キャプテン・マーベル,ロナン／コラス／クリー接続,Ronan/Korath/Kree bridge,medium,dashed,reference,参照,客演・設定共有・別宇宙・出演確認などの参照接続。「全線」で表示、表示時も選択作品への直接接続だけ補助点灯。,RonanとKorath、Kree勢力が両作品を横断。『キャプテン・マーベル』は年代上は過去だが、公開順ベースの背景理解線として表示。,structure-reviewed,IDs・重複・自己ループ・方向グラフ整合を監査。外部根拠は必要な接続のみ別途確認。,,2026-08-26,,medium,internal-structure,world_lore,indirect,same_or_intended,true,false,false,legacy-structured,,lead_in,complete,補助的な人物・世界観・マルチバース・参照関係まで含む完全版で追加する。,legacy-importance-reviewed,reviewed-v4,2026-08-26
x-men-2000 -> deadpool-wolverine-2024,x-men-2000,X-MEN,deadpool-wolverine-2024,デッドプール＆ウルヴァリン,Sabretooth旧X-MEN帰還,legacy Sabretooth return,strong,dotted,reference,参照,客演・設定共有・別宇宙・出演確認などの参照接続。「全線」で表示、表示時も選択作品への直接接続だけ補助点灯。,2000年『X-MEN』のTyler Mane版Sabretoothが『デッドプール＆ウルヴァリン』に再登場。旧映画の直続編とはせずlegacy multiverse bridgeとして表示。,structure-reviewed,IDs・重複・自己ループ・方向グラフ整合を監査。外部根拠は必要な接続のみ別途確認。,,2026-08-26,,medium,internal-structure,character,proxy,multiverse,true,false,false,legacy-structured,,character_continuity,complete,補助的な人物・世界観・マルチバース・参照関係まで含む完全版で追加する。,legacy-importance-reviewed,reviewed-v4,2026-08-26
x-men-the-last-stand-2006 -> deadpool-wolverine-2024,x-men-the-last-stand-2006,X-MEN：ファイナル ディシジョン,deadpool-wolverine-2024,デッドプール＆ウルヴァリン,Pyro旧X-MEN帰還,legacy Pyro return,strong,dotted,reference,参照,客演・設定共有・別宇宙・出演確認などの参照接続。「全線」で表示、表示時も選択作品への直接接続だけ補助点灯。,Aaron Stanford版Pyroが『X2』『ファイナル ディシジョン』から18年ぶりに同役で帰還。旧映画の直続編とはせずlegacy multiverse bridgeとして表示。,structure-reviewed,IDs・重複・自己ループ・方向グラフ整合を監査。外部根拠は必要な接続のみ別途確認。,,2026-08-26,,medium,internal-structure,story,indirect,multiverse,true,false,false,legacy-structured,,character_continuity,complete,補助的な人物・世界観・マルチバース・参照関係まで含む完全版で追加する。,legacy-importance-reviewed,reviewed-v4,2026-08-26
spider-man-no-way-home-2021 -> morbius-2022,spider-man-no-way-home-2021,スパイダーマン：ノー・ウェイ・ホーム,morbius-2022,モービウス,ヴァルチャーのマルチバース移動,Vulture multiverse displacement,medium,dotted,reference,参照,客演・設定共有・別宇宙・出演確認などの参照接続。「全線」で表示、表示時も選択作品への直接接続だけ補助点灯。,『モービウス』ポストクレジットでMCUのAdrian Toomes/VultureがSony側宇宙へ移動。『ノー・ウェイ・ホーム』後の多元宇宙現象との橋として表示。,structure-reviewed,IDs・重複・自己ループ・方向グラフ整合を監査。外部根拠は必要な接続のみ別途確認。,,2026-08-26,,medium,internal-structure,crossover,indirect,multiverse,true,false,false,legacy-structured,,crossover,complete,補助的な人物・世界観・マルチバース・参照関係まで含む完全版で追加する。,legacy-importance-reviewed,reviewed-v4,2026-08-26
inhumans-2017 -> doctor-strange-in-the-multiverse-of-madness-2022,inhumans-2017,インヒューマンズ,doctor-strange-in-the-multiverse-of-madness-2022,ドクター・ストレンジ／マルチバース・オブ・マッドネス,Black Bolt変異体／旧TV俳優帰還,Black Bolt variant / legacy actor return,medium,dotted,reference,参照,客演・設定共有・別宇宙・出演確認などの参照接続。「全線」で表示、表示時も選択作品への直接接続だけ補助点灯。,『インヒューマンズ』でBlack Boltを演じたAnson MountがEarth-838版Black Boltとして『MoM』に再登場。同一個体ではないためvariant/legacy線。,reviewed-reference,同俳優Black Boltの変異体・メタ参照。Inhumans本編からの同一世界線継続ではない。,,2026-08-26,continuity edgeではなくvariant/actor callback。,medium,onscreen-variant,variant_meta,proxy,variant,true,false,false,web/primary,同俳優Black Bolt変異体。Inhumans本編の同一連続性を意味しない。,variant_callback,complete,変異体・同俳優callback等のメタ接続。完全版のみ。,semantic-override:variant_meta,reviewed-v4,2026-08-26
captain-america-civil-war-2016 -> agents-of-s-h-i-e-l-d-20132020,captain-america-civil-war-2016,シビル・ウォー／キャプテン・アメリカ,agents-of-s-h-i-e-l-d-20132020,エージェント・オブ・シールド,ソコヴィア協定のTV反映,Sokovia Accords TV repercussion,medium,dashed,reference,参照,客演・設定共有・別宇宙・出演確認などの参照接続。「全線」で表示、表示時も選択作品への直接接続だけ補助点灯。,Marvel公式のAoS Season 3 recapが、Sokovia Accords発効後にCoulson/TalbotがInhumansへの影響を議論したと明記。映画イベントのTV側反映。,structure-reviewed,IDs・重複・自己ループ・方向グラフ整合を監査。外部根拠は必要な接続のみ別途確認。,,2026-08-26,,medium,internal-structure,world_lore,indirect,uncertain_legacy_tv,true,false,false,legacy-structured,,world_lore,complete,補助的な人物・世界観・マルチバース・参照関係まで含む完全版で追加する。,legacy-importance-reviewed,reviewed-v4,2026-08-26
she-hulk-attorney-at-law-2022 -> spider-man-brand-new-day-2026-07-31,she-hulk-attorney-at-law-2022,シー・ハルク：ザ・アトーニー,spider-man-brand-new-day-2026-07-31,スパイダーマン：ブランド・ニュー・デイ,ブルース・バナー／ハルク継続,Bruce Banner/Hulk continuation,medium,dashed,reference,参照,客演・設定共有・別宇宙・出演確認などの参照接続。「全線」で表示、表示時も選択作品への直接接続だけ補助点灯。,ファン図が「Hulkの直近登場」としてShe-Hulkを候補化。公開後、BNDでBruce/Hulkが物語上重要な役割を持ち、She-HulkのSkaar写真もBruceの部屋に置かれていることが確認された。,reviewed-reference,Sony公式がMark Ruffalo/Bruce Banner出演を確認。She-Hulkは直近Hulk枝のproxy。,https://www.sonypictures.jp/,2026-08-26,She-Hulk→BNDの直接物語接続ではない。,high,official-distributor,character,proxy,same_or_intended,true,false,false,web/primary,"Mark Ruffalo cast return proxy; cited Sony release lists actor, not a She-Hulk story continuation.",character_continuity,recommended,Brand New Day makes Bruce Banner/Hulk a major supporting role; She-Hulk is the most recent Bruce/Hulk branch in the managed graph.,manual-evidence-override,reviewed-v4,2026-08-26
the-punisher-one-last-kill-2026-05-12 -> spider-man-brand-new-day-2026-07-31,the-punisher-one-last-kill-2026-05-12,パニッシャー：ワン・ラスト・キル,spider-man-brand-new-day-2026-07-31,スパイダーマン：ブランド・ニュー・デイ,フランク・キャッスル継続,Frank Castle/Punisher continuation,strong,solid,recommended,推奨,理解を助ける重要なクロスオーバー／人物・イベント継続。選択作品へ直接1段だけ付加し、ここからは再帰伝播しない。,ファン図がBND前の直近Punisher作品として候補化。公開後、Jon Bernthal版PunisherはBNDで単なるカメオではなく共同主役級の役割を持つことが確認された。,primary-interview-verified,Post-release screenwriter interview confirms Jon Bernthal/Punisher has a substantial role in Brand New Day.,https://www.motionpictures.org/2026/08/spider-man-brand-new-day-writers-chris-mckenna-erik-sommers-on-finding-the-storys-missing-piece/,2026-08-26,作品同士の直接続編ではなくFrank Castle人物継続。,high,primary-creator-interview,character,proxy,same_or_intended,true,false,false,web/primary,Jon Bernthal cast return proxy; not a Punisher sequel.,character_continuity,recommended,理解や人物関係を大きく補強するため、おすすめプランで追加する。,legacy-importance-reviewed,reviewed-v4,2026-08-26
thunderbolts-new-avengers-2025 -> spider-man-brand-new-day-2026-07-31,thunderbolts-new-avengers-2025,サンダーボルツ*,spider-man-brand-new-day-2026-07-31,スパイダーマン：ブランド・ニュー・デイ,イェレナ・ベロワ再登場,Yelena Belova return,medium,dashed,reference,参照,客演・設定共有・別宇宙・出演確認などの参照接続。「全線」で表示、表示時も選択作品への直接接続だけ補助点灯。,公開後の脚本家取材でYelena/Florence PughがBNDに登場し、制作初期から組み込まれていたことが確認された。直前の主要映画出演作Thunderbolts*からの人物線。,primary-interview-verified,公開後の脚本家インタビューでYelena/Florence Pugh登場を確認。,https://www.motionpictures.org/2026/08/spider-man-brand-new-day-writers-chris-mckenna-erik-sommers-on-finding-the-storys-missing-piece/,2026-08-26,Thunderbolts*からYelena人物線。直接続編ではない。,high,primary-creator-interview,character,proxy,same_or_intended,true,false,false,web/primary,Yelena return via creator interview; not a Thunderbolts sequel.,character_continuity,recommended,Brand New Day screenwriters confirm Yelena Belova/Black Widow has a substantive role; Thunderbolts* is her immediately preceding major film branch.,manual-evidence-override,reviewed-v4,2026-08-26
iron-man-3-2013 -> wonder-man-s1-2026,iron-man-3-2013,アイアンマン3,wonder-man-s1-2026,ワンダーマン S1,トレヴァー・スラッタリー長期継続,Trevor Slattery long-range continuation,strong,solid,recommended,推奨,理解を助ける重要なクロスオーバー／人物・イベント継続。選択作品へ直接1段だけ付加し、ここからは再帰伝播しない。,ファン視聴図でWonder Man前のIron Man 3が重要候補。Marvel公式も「Iron Man 3 villain to Wonder Man star」と明示し、Trevor Slatteryの公式MCUウォッチガイドを公開。,structure-reviewed,IDs・重複・自己ループ・方向グラフ整合を監査。外部根拠は必要な接続のみ別途確認。,,2026-08-26,,medium,internal-structure,character,proxy,same_or_intended,true,false,true,legacy-structured,,character_continuity,recommended,理解や人物関係を大きく補強するため、おすすめプランで追加する。,legacy-importance-reviewed,reviewed-v4,2026-08-26
